,,,BEES,,,,Pre-Retrofit,,,Post-Retrofit,,,,,Consumption,,Opportunity,,,
,,,,SF,MMBtu/sf,MMBtu,,SF,MMBtu/sf,,SF,,MMBtu,MMBtu,MMBtu,,,,Gallons,
community,energy_region,total_occupied,BEES_number,BEES_avg_area,BEES_avg_EUI,BEES_total_consumption,pre_number,pre_avg_area,pre_avg_EUI,post_number,post_avg_area,post_avg_EUI_reduction,post_avg_EUI,post_total_consumption,consumption_heating_electricity_consumption,consumption_gallons_HF,opportunity_non-Wx_HERP_BEES,opportunity_potential_reduction,opportunity_savings,opportunity_total_percent_community_savings
Adak,Aleutians,44,10,2133.575,0.1545145847,3296.6845498939,10,2133.575,0.1545145847,0,0,0.3206591027,0,0,14505.412019533,98588.2030400939,34,3594.1804928182,26044.7861798417,0.2641775119
Akhiok,Kodiak,19,0,0,0,0,0,1817.0217554859,0.1060456189,0,0,0.2585839941,0,0,3661.0567359294,23712.4401154303,19,946.6906733683,6860.0773432485,0.2893028853
Akiachak,Lower Yukon-Kuskokwim,150,55,770.8727272727,0.1767816779,7495.1895809687,55,770.8727272727,0.1767816779,31,714.5161290323,0.3872825362,0.1154782003,2557.8421368477,18774.7068665799,113809.470047681,64,3377.7524712067,24476.4671826569,0.2150652944
Akiak,Lower Yukon-Kuskokwim,90,0,0,0,0,0,1045.957275886,0.1666381457,0,0,0.3336983204,0,0,15686.6742832011,100328.07451595,90,5234.6168604905,37932.006235438,0.3780796793
Akutan,Aleutians,40,23,940.9891304348,0.0975546335,2111.3505438457,23,940.9891304348,0.0975546335,7,863.8214285714,0.3206591027,0.0647431551,391.4856728794,3420.8147140493,18858.0776380381,10,294.3581612495,2133.0301539815,0.1131096284
Alakanuk,Lower Yukon-Kuskokwim,160,63,748.873015873,0.2210334547,10428.1373591127,63,748.873015873,0.2210334547,48,766.0208333333,0.4649618407,0.1077175922,3960.6681489807,22499.5790096256,139318.688475548,49,3771.2001763841,27327.5375100294,0.1961512688
Alatna,Yukon-Koyukuk/Upper Tanana,12,3,1285.3333333333,0.0590064077,227.5287081618,3,1121.8146232877,0.2465402206,0,0,0.3264046098,0,0,2716.6805308051,17906.960368153,9,812.4706294106,5887.4683290624,0.3287809996
Alcan Border,Yukon-Koyukuk/Upper Tanana,16,0,0,0,0,0,1121.8146232877,0.2465402206,0,0,0.3264046098,0,0,4425.1587958104,29694.1941725393,16,1444.3922300633,10466.6103627775,0.352480027
Aleknagik,Bristol Bay,71,40,1036.68075,0.1328891737,5510.5459289724,40,1036.68075,0.1328891737,29,922.0079310345,0.2473780829,0.0966728289,2584.8603341057,8370.9335595267,50132.4170980193,2,68.1594143742,493.9087998133,0.0098520843
Aleneva,Kodiak,9,0,0,0,0,0,1817.0217554859,0.1060456189,0,0,0.2585839941,0,0,1734.1847696508,11232.2084757301,9,448.4324242271,3249.5103204861,0.2893028853
Allakaket,Yukon-Koyukuk/Upper Tanana,44,9,1181.7777777778,0.1326854883,1411.2428537204,9,1121.8146232877,0.2465402206,0,0,0.3264046098,0,0,11091.2777195557,73848.0994170702,35,3159.6080032635,22895.7101685758,0.3100379069
Ambler,Northwest Arctic,75,1,1520,0.0702960526,106.85,1,1150.5043326039,0.2081087086,0,0,0.3314395025,0,0,17824.667845617,118044.694533456,74,5872.3847329774,42553.5125578068,0.3604864473
Anaktuvuk Pass,North Slope,99,41,1283.3917073171,0.1406581578,7401.3000473735,41,1283.3917073171,0.1406581578,16,1213.06625,0.1742468504,0.1354885135,2629.7046884638,17612.8242965614,112951.335482329,42,1321.1081790898,9573.247674564,0.0847555067
Anderson,Railbelt,90,17,1854.4117647059,0.1629903284,5138.2701036497,17,1854.4117647059,0.1629903284,8,1707.5,0.2301575703,0.1323814928,1808.3311922934,26592.9281628389,179358.899730717,65,4521.750857063,32766.3105584276,0.1826857246
Angoon,Southeast,167,98,1295.5714285714,0.1142968928,14511.8192898171,98,1295.5714285714,0.1142968928,70,1266.6714285714,0.1519561665,0.0924084198,8193.5773563057,22557.3168574512,138699.252590226,0,0,0,0
Aniak,Lower Yukon-Kuskokwim,166,38,1316.7865789474,0.157885618,7900.2631880639,38,1316.7865789474,0.157885618,8,930.73625,0.3336983204,0.1169929857,871.1169025714,33719.5796318898,219733.475593404,120,8325.1722831642,60327.335385248,0.2745477685
Anvik,Yukon-Koyukuk/Upper Tanana,33,5,1126.6875,0.0971577887,547.3323304162,5,1121.8146232877,0.2465402206,1,760.75,0.3264046098,0.1240726527,94.3882705179,8109.1760688641,53869.5367308995,27,2437.4118882318,17662.404987187,0.3278737123
Arctic Village,Yukon-Koyukuk/Upper Tanana,65,2,420,0.6573011364,552.1329545455,2,1121.8146232877,0.2465402206,2,420,0.3264046098,0.4831068182,405.8097272727,17828.8605908454,119557.685440909,61,5506.7453771163,39903.9520080892,0.3337631693
Atka,Aleutians,24,31,976.7741935484,0.0827971024,2507.0962607532,31,976.7741935484,0.0827971024,6,976.3333333333,0.3206591027,0.0612315836,358.694616639,1814.4279293344,9589.7676038724,0,0,0,0
Atmautluak,Lower Yukon-Kuskokwim,63,1,768,0.0946354167,72.68,1,1045.957275886,0.1666381457,1,768,0.3336983204,0.0677604167,52.04,10756.7992363918,68607.3857709553,61,3547.9069832213,25709.470892908,0.3747332828
Atqasuk,North Slope,64,13,1235.6838461539,0.1554482307,2497.1032791097,13,1235.6838461539,0.1554482307,7,1339.0557142857,0.2483414893,0.1552721218,1455.4261539789,12404.2636085366,80397.2725256276,44,2098.9162521535,15209.5380590829,0.1891797766
Auke Bay,Southeast,0,12,1848.67,0.1397614343,3100.4732488893,12,1848.67,0.1397614343,6,1728.4483333333,0.2806617236,0.1001824188,1038.9608090012,-511.2758154434,-3704.8972133579,0,0,0,0
Barrow,North Slope,1280,80,1377.655443038,0.1693935127,18669.2715848693,80,1377.655443038,0.1693935127,14,1462.4215384615,0.316872205,0.1762285124,3608.0852109411,299049.308041497,1977250.05827172,1186,87701.3384844481,635516.945539479,0.321414554
Beaver,Yukon-Koyukuk/Upper Tanana,36,25,669.64,0.2638549125,4417.19508942,25,669.64,0.2638549125,24,646.1666666667,0.3074907034,0.1465943211,2273.3847318419,4393.6383747635,26500.567933069,0,0,0,0
Bethel,Lower Yukon-Kuskokwim,1896,344,1461.2494460641,0.1046968011,52627.9210463841,344,1461.2494460641,0.1046968011,54,1317.6264814815,0.1864322937,0.1043454483,7424.3695976689,289228.528223947,1814756.29147787,1498,42725.851642587,309607.620598456,0.1706056191
Bettles,Yukon-Koyukuk/Upper Tanana,9,0,0,0,0,0,1121.8146232877,0.2465402206,0,0,0.3264046098,0,0,2489.1518226434,16702.9842220533,9,812.4706294106,5887.4683290624,0.352480027
Big Delta,Railbelt,206,0,0,0,0,0,1747.5136673929,0.1539357067,0,0,0.2301575703,0,0,55414.9787946021,371016.078221754,206,12754.1768777571,92421.5715779498,0.2491039526
Birch Creek,Yukon-Koyukuk/Upper Tanana,17,1,1155,0.3049090909,352.17,1,1121.8146232877,0.2465402206,1,1155,0.3264046098,0.1020865801,117.91,4618.6663710723,30948.1621092193,15,1354.1177156843,9812.4472151039,0.3170607411
Brevig Mission,Bering Straits,93,0,0,0,0,0,1243.088742515,0.1509469955,0,0,0.3261277145,0,0,17450.5675102679,112665.126886,93,5691.1136996749,41239.9543454701,0.3660401003
Buckland,Northwest Arctic,98,37,1021.1621621622,0.1959755278,7404.5433685314,37,1021.1621621622,0.1959755278,11,999.2727272727,0.0915825145,0.127345029,1399.7765587485,18810.4596144845,121778.113148439,50,916.3874332386,6640.4886466563,0.0545294099
Cantwell,Railbelt,104,16,1170.703125,0.1701188629,3186.5389499064,16,1170.703125,0.1701188629,7,1359.5714285714,0.2301575703,0.134266465,1277.8139475059,20596.2063313136,133828.741531258,81,3712.8681908306,26904.8419625405,0.2010393407
Central,Yukon-Koyukuk/Upper Tanana,53,6,1162,0.2193602665,1529.3797780772,6,1121.8146232877,0.2465402206,5,1205.8,0.3264046098,0.1818587085,1096.4261533778,14241.8477704572,95343.9693511395,42,3791.5296039162,27474.8522022909,0.2881656007
Chalkyitsik,Yukon-Koyukuk/Upper Tanana,24,18,671.3888888889,0.5397700062,6523.1205255041,18,671.3888888889,0.5397700062,18,671.3888888889,0.5361701372,0.2077199685,2510.2958189207,4684.669327422,30388.6183146525,0,0,0,0
Chase,Railbelt,18,0,0,0,0,0,1747.5136673929,0.1539357067,0,0,0.2301575703,0,0,4842.0855257419,32418.8806213183,18,1114.442639804,8075.6713029277,0.2491039526
Chefornak,Lower Yukon-Kuskokwim,92,0,0,0,0,0,1045.957275886,0.1666381457,0,0,0.3336983204,0,0,16035.26704505,102557.587282971,92,5350.9416796125,38774.9397073366,0.3780796793
Chenega Bay,Copper River/Chugach,31,0,0,0,0,0,1845.1516180905,0.1543141463,0,0,0.2999368524,0,0,8826.7228990769,59365.6731817164,31,2647.4594832474,19184.4890090388,0.323157946
Chevak,Lower Yukon-Kuskokwim,209,2,380,0.1051395833,79.9060833333,2,1045.957275886,0.1666381457,2,380,0.3336983204,0.5482895833,416.7000833333,36227.3642561802,231530.610552031,205,11923.293960006,86400.6808696088,0.3731717403
Chickaloon,Railbelt,123,2,3149,0.3087400472,1944.4448173735,2,1747.5136673929,0.1539357067,2,3149,0.2301575703,0.115576675,727.9018994161,34683.9121369724,233096.609688205,119,7367.7041187043,53389.1602804662,0.2290430579
Chicken,Yukon-Koyukuk/Upper Tanana,5,0,0,0,0,0,1121.8146232877,0.2465402206,0,0,0.3264046098,0,0,1382.8621236908,9279.4356789185,5,451.3725718948,3270.815738368,0.352480027
Chignik,Bristol Bay,41,5,1540.4,0.0653115333,503.0294295242,5,1253.7457405615,0.1364969949,1,2200,0.2334826601,0.0830454545,182.7,6675.367835917,42293.5350428771,35,1398.4767080413,10133.8891887048,0.2396084692
Chignik Lagoon,Bristol Bay,29,0,0,0,0,0,1253.7457405615,0.1364969949,0,0,0.2334826601,0,0,4962.8432510112,31663.0670363131,29,1158.7378438056,8396.6510420697,0.2651875459
Chignik Lake,Bristol Bay,27,3,1771,0.0673626568,357.8977953876,3,1253.7457405615,0.1364969949,1,2864,0.2334826601,0.025974162,74.39,4368.3358910172,27651.564427661,23,918.99897957,6659.4128954346,0.2408331331
Chiniak,Kodiak,20,0,0,0,0,0,1817.0217554859,0.1060456189,0,0,0.2585839941,0,0,3853.7439325573,24960.4632794003,20,996.5164982824,7221.1340455247,0.2893028853
Chistochina,Copper River/Chugach,36,16,1443.59875,0.1660213195,3834.6907078201,16,1443.59875,0.1660213195,8,1350.0725,0.2999368524,0.1175001644,1269.0699260428,7979.7786647279,52487.0917733903,12,862.6237955879,6250.8970694773,0.1190939878
Chitina,Copper River/Chugach,52,2,1097,0.1322360418,290.1258757484,2,1845.1516180905,0.1543141463,1,530,0.2999368524,0.1487713106,78.8487946429,14320.8915108676,96065.0109483157,49,4184.6940219071,30323.8697239646,0.3156598789
Chuathbaluk,Lower Yukon-Kuskokwim,36,1,320,0.1810625,57.94,1,1045.957275886,0.1666381457,0,0,0.3336983204,0,0,6158.313332356,39288.0676257679,35,2035.6843346352,14751.3357582259,0.375466055
Circle,Yukon-Koyukuk/Upper Tanana,40,8,998.25,0.2313923135,1847.8990159239,8,1121.8146232877,0.2465402206,4,819.5,0.3264046098,0.1204194766,394.7350444152,9986.6619530073,66436.6808188936,28,2527.6864026108,18316.5681348606,0.2756996272
Clark's Point,Bristol Bay,24,0,0,0,0,0,1253.7457405615,0.1364969949,0,0,0.2334826601,0,0,4107.1806215265,26203.9175472936,24,958.9554569426,6948.9525865404,0.2651875459
Clear,Railbelt,0,3,2135.3333333333,0.1239480995,794.0115252876,3,1747.5136673929,0.1539357067,1,2808,0.2301575703,0.0856054131,240.38,-41.6274804328,-301.6484089334,0,0,0,0
Coffman Cove,Southeast,89,8,1695.84375,0.0862147269,1169.6536466107,8,1711.7903707981,0.1227746387,4,1648,0.2806617236,0.0786173714,518.2457121949,17870.5615759753,116301.60562301,77,4541.8538707229,32911.9845704557,0.2829882218
Cold Bay,Aleutians,46,0,0,0,0,0,1280.005261708,0.1203594636,0,0,0.3206591027,0,0,7086.7943458773,44533.5822165024,46,2272.4451159652,16466.9935939507,0.3697657537
Coldfoot,Yukon-Koyukuk/Upper Tanana,6,3,2538.6666666667,0.1228136384,935.3486697295,3,1121.8146232877,0.2465402206,0,0,0.3264046098,0,0,1765.065943944,11900.7677097391,3,270.8235431369,1962.4894430208,0.1649044407
Cooper Landing,Railbelt,161,15,2881.3333333333,0.0696505806,3010.2980928935,15,2881.3333333333,0.0696505806,3,2229.3333333333,0.2301575703,0.0909199152,608.0723926725,32316.5456378168,210307.866940702,143,6605.1022651716,47863.0598925475,0.2275856847
Copper Center,Copper River/Chugach,123,85,1896.8345783133,0.2167834174,34952.1939821046,85,1896.8345783133,0.2167834174,38,1823.3689473684,0.3562149108,0.1442522708,9994.9542208485,44947.1482029531,307467.885528646,0,0,0,0
Cordova,Copper River/Chugach,922,252,1881.9063888889,0.1306836931,61975.48817523,252,1881.9063888889,0.1306836931,86,1794.8052325581,0.3035178251,0.0998233076,15408.0519551104,221009.274631667,1464819.96109904,584,43592.9705617688,315891.09102731,0.2156518203
Covenant Life,Southeast,35,0,0,0,0,0,1711.7903707981,0.1227746387,0,0,0.2806617236,0,0,7355.755553259,48113.4460381085,35,2064.4790321468,14959.9929865708,0.3109316463
Craig,Southeast,470,169,1331.701183432,0.1540707536,34674.7786344166,169,1331.701183432,0.1540707536,124,1102.0040322581,0.2993452465,0.1064149698,14541.4459975677,85532.4129058999,550117.484825362,177,10871.0783302183,78775.9299291184,0.1431983751
Crooked Creek,Lower Yukon-Kuskokwim,38,3,594.6666666667,0.1721840659,307.1763736264,3,1045.957275886,0.1666381457,3,594.6666666667,0.3336983204,0.1036206502,184.8592399267,6069.5198031357,38348.1145154762,32,1861.1971059522,13486.935550378,0.3516974881
Crown Point,Railbelt,26,0,0,0,0,0,1747.5136673929,0.1539357067,0,0,0.2301575703,0,0,6994.1235371828,46827.2720085709,26,1609.7504797169,11664.8585486733,0.2491039526
Deering,Northwest Arctic,44,27,948.0740740741,0.1810855484,4635.4278670476,27,948.0740740741,0.1810855484,27,948.0740740741,0.4408047192,0.0966222738,2473.336964582,5391.9396956861,32548.5485194641,0,0,0,0
Delta Junction,Railbelt,377,383,1987.2624804178,0.1605477444,122196.344839582,383,1987.2624804178,0.1605477444,152,1761.145,0.2055410928,0.1377933138,36886.4488594368,108672.813321332,731589.806676319,0,0,0,0
Deltana,Railbelt,784,0,0,0,0,0,1747.5136673929,0.1539357067,0,0,0.2301575703,0,0,210899.725121204,1412022.35595075,784,48540.1683114638,351740.350083071,0.2491039526
Dillingham,Bristol Bay,855,261,1653.6667049809,0.1282889838,55370.4247099658,261,1653.6667049809,0.1282889838,78,1461.95,0.232544151,0.1009148571,11507.5330801676,176345.923883399,1151105.97016956,516,25456.1352323769,184464.748060702,0.1602500142
Diomede,Bering Straits,38,0,0,0,0,0,1243.088742515,0.1509469955,0,0,0.3261277145,0,0,7130.3394127977,46035.2131362149,38,2325.4012966414,16850.7340336329,0.3660401003
Dot Lake,Yukon-Koyukuk/Upper Tanana,7,1,720,0.3979166667,286.5,1,1121.8146232877,0.2465402206,0,0,0.3264046098,0,0,1945.9345484289,13063.1489016587,6,541.6470862737,3924.9788860416,0.3004619266
Dot Lake Village,Yukon-Koyukuk/Upper Tanana,19,0,0,0,0,0,1121.8146232877,0.2465402206,0,0,0.3264046098,0,0,5254.8760700249,35261.8555798904,19,1715.2157732002,12429.0998057983,0.352480027
Douglas,Southeast,0,184,1874.6867391304,0.1133042688,39083.4418666354,184,1874.6867391304,0.1133042688,73,1982.298630137,0.2846455715,0.0843070455,12199.8870760204,-3306.0436645469,-23956.8381488906,0,0,0,0
Dry Creek,Yukon-Koyukuk/Upper Tanana,29,0,0,0,0,0,1121.8146232877,0.2465402206,0,0,0.3264046098,0,0,8020.6003174064,53820.7269377274,29,2617.9609169897,18970.7312825342,0.352480027
Eagle,Yukon-Koyukuk/Upper Tanana,41,2,644,1.2266856859,1579.9711633895,2,1121.8146232877,0.2465402206,1,576,0.3264046098,0.1616145833,93.09,12182.8133034393,82202.5601698497,38,3430.4315464003,24858.1996115966,0.302401769
Eagle Village,Yukon-Koyukuk/Upper Tanana,31,0,0,0,0,0,1121.8146232877,0.2465402206,0,0,0.3264046098,0,0,8573.7451668827,57532.5012092948,31,2798.5099457476,20279.0575778814,0.352480027
Edna Bay,Southeast,18,0,0,0,0,0,1711.7903707981,0.1227746387,0,0,0.2806617236,0,0,3782.9599988189,24744.0579624558,18,1061.7320736755,7693.7106788078,0.3109316463
Eek,Lower Yukon-Kuskokwim,91,37,787.6618918919,0.1449418384,4224.1110172093,37,787.6618918919,0.1449418384,18,755.5555555556,0.3090104872,0.0882879764,1200.7164795775,9534.7733513689,55600.8213867308,36,1270.0163709415,9203.0171807352,0.1655194465
Egegik,Bristol Bay,29,8,1000.775,0.1001976047,802.2020631478,8,1253.7457405615,0.1364969949,0,0,0.2334826601,0,0,4395.9851069835,27555.3993259676,21,839.0860248248,6080.3335132229,0.2206585156
Ekwok,Bristol Bay,37,6,1356,0.0676683874,550.55,6,1253.7457405615,0.1364969949,0,0,0.2334826601,0,0,5855.6583028051,36946.6543681528,31,1238.6507985508,8975.7304242814,0.2429375698
Elfin Cove,Southeast,13,0,0,0,0,0,1711.7903707981,0.1227746387,0,0,0.2806617236,0,0,2732.1377769248,17870.7085284403,13,766.8064976545,5556.5688235834,0.3109316463
Elim,Bering Straits,89,4,1068.5,0.0812552666,347.285009336,4,1243.088742515,0.1509469955,0,0,0.3261277145,0,0,16296.7284326992,104897.017628255,85,5201.5555319609,37692.4313910211,0.3593279603
Emmonak,Lower Yukon-Kuskokwim,185,40,777.1,0.1999484943,6215.1989959195,40,777.1,0.1999484943,8,748,0.3336983204,0.1128020966,675.0077462852,28177.263303229,176754.806545138,137,7103.4550200282,51474.3117393345,0.2912187382
Evansville,Yukon-Koyukuk/Upper Tanana,12,1,672,0.1203720238,80.89,1,1121.8146232877,0.2465402206,1,672,0.3264046098,0.0871130952,58.54,2905.1542473815,19272.7119375472,10,902.7451437896,6541.6314767359,0.3394245448
Excursion Inlet,Southeast,6,0,0,0,0,0,1711.7903707981,0.1227746387,0,0,0.2806617236,0,0,1260.986666273,8248.0193208186,6,353.9106912252,2564.5702262693,0.3109316463
False Pass,Aleutians,15,4,1058,0.1538688843,651.1731181775,4,1280.005261708,0.1203594636,4,1058,0.3206591027,0.1253144797,530.3308780256,2259.9292227497,14152.3856720991,7,345.806865473,2505.8468512534,0.1770617979
Fort Yukon,Yukon-Koyukuk/Upper Tanana,246,16,848.921875,0.2678190816,3637.7196308042,16,848.921875,0.2678190816,12,756.5833333333,0.2954736095,0.1909555635,1733.6855606035,54935.3351611149,361609.964935615,218,14644.833287196,106121.980342,0.2934708405
Gakona,Copper River/Chugach,86,20,1643.4605,0.1454664811,4781.3683145217,20,1643.4605,0.1454664811,12,1547.4341666667,0.2832479882,0.1101728675,2045.823113103,19736.8858768332,130270.477368357,54,3656.6449804464,26497.4273945392,0.2034031649
Galena,Yukon-Koyukuk/Upper Tanana,190,24,1331.5,0.1909059659,6100.5910470295,24,1331.5,0.1909059659,10,1507,0.4228442892,0.1051434411,1584.5116575928,47338.9445103144,314866.264567495,156,16767.4005509044,121502.902542785,0.3858873313
Gambell,Bering Straits,164,0,0,0,0,0,1243.088742515,0.1509469955,0,0,0.3261277145,0,0,30773.0437815478,198678.288272085,164,10035.9424381363,72724.2205662053,0.3660401003
Game Creek,Southeast,7,0,0,0,0,0,1711.7903707981,0.1227746387,0,0,0.2806617236,0,0,1471.1511106518,9622.6892076217,7,412.8958064294,2991.9985973142,0.3109316463
Glacier View,Railbelt,99,0,0,0,0,0,1747.5136673929,0.1539357067,0,0,0.2301575703,0,0,26631.4703915806,178303.843417251,99,6129.4345189221,44416.1921661021,0.2491039526
Glennallen,Copper River/Chugach,203,83,1858.4327710843,0.173449756,26754.6109814231,83,1858.4327710843,0.173449756,37,1507.5608108108,0.259752837,0.1316309651,7342.3423267804,60851.5642896265,410856.407895844,83,6949.5861052404,50359.3196031915,0.1225715813
Golovin,Bering Straits,49,4,1033,0.0787744308,325.4959482566,4,1243.088742515,0.1509469955,0,0,0.3261277145,0,0,8769.3189370959,56281.0067905502,45,2753.7646933911,19954.8166187759,0.3545568524
Goodnews Bay,Lower Yukon-Kuskokwim,76,51,803.3,0.1811893863,7423.0211355715,51,803.3,0.1811893863,40,743.75,0.4236835174,0.1116677915,3322.116796245,8561.8964213543,50774.9016040169,0,0,0,0
Grayling,Yukon-Koyukuk/Upper Tanana,55,3,1107.3333333333,0.077840623,258.5865496466,3,1121.8146232877,0.2465402206,0,0,0.3264046098,0,0,14640.3526360304,97935.164029206,52,4694.2747477057,34016.4836790269,0.3473367714
Gulkana,Copper River/Chugach,36,7,842.9285714286,0.3225933321,1903.4619561035,7,1845.1516180905,0.1543141463,6,752.4166666667,0.2999368524,0.1382720817,624.229312822,9076.550194047,60434.7115510654,23,1964.2441327319,14233.6531357385,0.2355211561
Gustavus,Southeast,212,38,1396.8292105263,0.130396095,6921.3608260139,38,1396.8292105263,0.130396095,15,1151.584,0.4121661526,0.0898519404,1552.0808532935,37433.8725039443,239828.64133293,159,11936.5093494754,86496.4445614156,0.3606593611
Haines,Southeast,782,261,1794.2896168582,0.1716563731,80388.3257138794,261,1794.2896168582,0.1716563731,147,1616.3775510204,0.2933347203,0.1271016135,30200.2966198073,225781.089065453,1520154.84830038,374,33789.9500112019,244854.7102261,0.1610722161
Halibut Cove,Railbelt,34,2,2237,0.0693243344,310.157072013,2,1747.5136673929,0.1539357067,1,2529,0.2301575703,0.0822775801,208.08,8857.3843663463,59143.0751184515,31,1919.3178796625,13908.1005772643,0.2351602542
Healy,Railbelt,434,92,1777.9211956522,0.1413151739,23114.7463484984,92,1777.9211956522,0.1413151739,31,1312.7419354839,0.1782755223,0.1643670436,6688.9168404564,107941.555736596,717839.969105769,311,13930.0736028485,100942.562339482,0.1406198689
Healy Lake,Yukon-Koyukuk/Upper Tanana,7,1,672,1.2577827381,845.23,1,1121.8146232877,0.2465402206,1,672,0.3264046098,0.5954315476,400.13,2628.2221236908,18007.261765875,5,451.3725718948,3270.815738368,0.1816387067
Hobart Bay,Southeast,1,0,0,0,0,0,1711.7903707981,0.1227746387,0,0,0.2806617236,0,0,210.1644443788,1374.6698868031,1,58.9851152042,427.4283710449,0.3109316463
Hollis,Southeast,44,13,923.9230769231,0.2119148161,2545.3088558273,13,923.9230769231,0.2119148161,9,894.3333333333,0.2806617236,0.1388733937,1117.7919462359,7970.5465580785,51234.1054933227,22,1208.9351503074,8760.3996399084,0.1709876567
Holy Cross,Yukon-Koyukuk/Upper Tanana,64,7,875.8928571429,0.1893510717,1160.9587581714,7,1121.8146232877,0.2465402206,0,0,0.3264046098,0,0,16925.586968246,113160.485277145,57,5145.6473196005,37287.2994173949,0.3295081258
Hoonah,Southeast,305,78,1358.0512820513,0.167334455,17725.4041520149,78,1358.0512820513,0.167334455,53,1294.8113207547,0.3413035794,0.1089581928,7477.2559807567,64743.9463180357,423939.466072722,174,13495.5825088368,97794.0761509914,0.2306793398
Hooper Bay,Lower Yukon-Kuskokwim,256,104,1233.7836538462,0.1446537768,18561.0323845968,104,1233.7836538462,0.1446537768,37,796,0.2652378437,0.1018632772,3000.0772399431,42085.3281267382,267011.363237233,115,5443.799458553,39447.8221634275,0.1477383647
Hope,Railbelt,97,4,903.8125,0.2915628176,1054.0724761824,4,1747.5136673929,0.1539357067,3,1018.0833333333,0.2301575703,0.1907122058,582.4827545932,25846.9828594852,172915.672894821,90,5572.2131990201,40378.3565146383,0.2335147291
Houston,Railbelt,731,27,1376.6018518519,0.1455498795,5409.8343075619,27,1376.6018518519,0.1455498795,20,1495.8,0.1703902608,0.1177049511,3521.2613182723,145980.231417401,949449.068242036,684,23351.8379942993,169216.217349995,0.1782256922
Hughes,Yukon-Koyukuk/Upper Tanana,31,30,815.2666666667,0.1707400951,4175.9612460631,30,815.2666666667,0.1707400951,19,736.4736842105,0.1911741181,0.1459940588,2042.8948644908,3713.279362916,22311.734513884,0,0,0,0
Huslia,Yukon-Koyukuk/Upper Tanana,91,29,1007.8965517241,0.1435590644,4196.0878936951,29,1007.8965517241,0.1435590644,18,887.4444444444,0.1278800212,0.1230969451,1966.3506005167,12528.9166777492,77297.5121576028,44,814.1453651813,5899.6040955166,0.0763233373
Hydaburg,Southeast,128,59,1170.5423728814,0.1189296342,8213.5183954596,59,1170.5423728814,0.1189296342,40,1174.425,0.2630062538,0.076511463,3594.2789972159,15844.9505023082,95841.0905964359,29,1061.7965153688,7694.1776475996,0.0802805728
Hyder,Southeast,48,0,0,0,0,0,1711.7903707981,0.1227746387,0,0,0.2806617236,0,0,10087.8933301837,65984.1545665489,48,2831.2855298013,20516.5618101542,0.3109316463
Igiugig,Bristol Bay,16,21,1212.7619047619,0.0921940066,2347.9969612918,21,1212.7619047619,0.0921940066,0,0,0.2334826601,0,0,1788.9500657461,10591.2323604792,0,0,0,0
Iliamna,Bristol Bay,39,25,1296.84,0.1643300459,5327.7444185162,25,1296.84,0.1643300459,18,1130.3888888889,0.3234954473,0.1229332444,2501.3227229533,6976.6280345068,44773.1016993249,0,0,0,0
Ivanof Bay,Bristol Bay,2,0,0,0,0,0,1253.7457405615,0.1364969949,0,0,0.2334826601,0,0,342.2650517939,2183.6597956078,2,79.9129547452,579.0793822117,0.2651875459
Juneau,Southeast,12187,3550,1771.3321513269,0.1199230701,754103.743498265,3550,1771.3321513269,0.1199230701,1447,1698.8304781705,0.2755492127,0.0907047565,222971.131092044,2504400.48466144,16340974.3816047,7190,420853.369322471,3049662.09653965,0.1866266983
Kake,Southeast,213,69,1156.9565217391,0.1950046816,15567.2237349159,69,1156.9565217391,0.1950046816,63,1104.8888888889,0.3860939641,0.0983423597,6845.414974442,40687.20570252,263255.258713913,81,7055.7000122342,51128.2609582188,0.1942155352
Kaktovik,North Slope,72,33,1170.0324242424,0.1587840495,6130.8220518479,33,1170.0324242424,0.1587840495,14,1277.9335714286,0.2741017256,0.1258722931,2251.9900071549,13027.3742194936,83726.479851403,25,1273.0825029848,9225.2355288756,0.1101830095
Kaltag,Yukon-Koyukuk/Upper Tanana,70,13,961.3076923077,0.1444318068,1804.9642891965,13,961.3076923077,0.1444318068,1,480,0.3264046098,0.319875,153.54,9733.7350734276,60156.0512567214,56,2537.8711702561,18390.370798957,0.30571107
Karluk,Kodiak,12,2,1120,0.0879966518,197.1125,2,1817.0217554859,0.1060456189,2,1120,0.2585839941,0.0759818561,170.1993576838,1908.8094307067,12052.8219616429,8,398.606599313,2888.4536182099,0.2396495715
Kasaan,Southeast,23,7,1085.7142857143,0.0627716663,477.0646637291,7,1711.7903707981,0.1227746387,1,1200,0.2806617236,0.056625,67.95,3697.4813294116,23383.3429667503,15,884.7767280629,6411.4255656732,0.2741877231
Kasigluk,Lower Yukon-Kuskokwim,113,0,0,0,0,0,1045.957275886,0.1666381457,0,0,0.3336983204,0,0,19695.4910444636,125967.471336693,113,6572.3522803936,47625.7411622722,0.3780796793
Kenny Lake,Copper River/Chugach,145,31,1431.6722580645,0.2621394849,11634.2326754815,31,1431.6722580645,0.2621394849,22,1236.5127272727,0.3892231023,0.1512593733,4114.7510840093,50276.3839576941,342823.796794885,92,13438.8618200763,97383.0566672192,0.2840615429
Ketchikan,Southeast,3259,1307,1784.5740383142,0.1162513626,271149.126739147,1307,1784.5740383142,0.1162513626,677,1615.777056213,0.2858120188,0.0859334679,94000.9935164239,629660.553761625,4079575.46204076,1275,75600.2610055779,547827.978301289,0.1342855362
Kiana,Northwest Arctic,101,35,916.5714285714,0.1882984996,6040.6158672943,35,916.5714285714,0.1882984996,24,836.0416666667,0.3357608357,0.1273261006,2554.7982077228,15844.1531157702,99838.3559113785,42,2433.8426781469,17636.5411459922,0.1766509573
King Cove,Aleutians,181,68,1423.4652941177,0.1283261586,12421.4126517571,68,1423.4652941177,0.1283261586,27,1220.3403703704,0.3053590556,0.079309815,2613.1941645351,30744.0404641027,195947.684522483,86,4797.0178234871,34760.9987209212,0.177399385
King Salmon,Bristol Bay,157,35,1621.3114285714,0.1499465069,8508.8494845403,35,1621.3114285714,0.1499465069,20,1447.445,0.2438676032,0.1191424333,3449.0423859573,36755.1103683009,243064.422958702,102,6047.2382403424,43820.5669590031,0.1802837553
Kipnuk,Lower Yukon-Kuskokwim,153,21,998.8571428571,0.1023321972,2146.5201695018,21,998.8571428571,0.1023321972,17,991.0588235294,0.3238780372,0.0652413418,1099.1861268498,15000.4596055279,86015.0696052745,115,3807.1064296902,27587.7277513781,0.3207313309
Kivalina,Northwest Arctic,85,50,752.16,0.198117531,7450.8041068326,50,752.16,0.198117531,38,732.9473684211,0.4027345504,0.1093479913,3045.5602530702,10049.3161134928,60218.9573441509,0,0,0,0
Klawock,Southeast,297,113,1194.4046902655,0.1356346954,18306.306950127,113,1194.4046902655,0.1356346954,87,1064.698045977,0.2619059812,0.1003594254,9296.1661197031,43316.7365579922,269855.9170869,97,4115.6595973135,29823.6202703879,0.1105168291
Klukwan,Southeast,41,0,0,0,0,0,1711.7903707981,0.1227746387,0,0,0.2806617236,0,0,8616.742219532,56361.4653589271,41,2418.3897233719,17524.5632128401,0.3109316463
Kobuk,Northwest Arctic,36,20,963.125,0.2689704619,5181.0435232407,20,963.125,0.2689704619,18,920.5833333333,0.3650221183,0.1293500284,2143.3946453121,6806.3338162287,43983.8682335411,0,0,0,0
Kodiak,Kodiak,2039,1045,1832.779486631,0.1067820633,204514.834017937,1045,1832.779486631,0.1067820633,300,1652.39408,0.2599346795,0.0990088483,49080.4904191256,389416.659181989,2519555.93610137,694,35304.6751189703,255830.979122973,0.1015381224
Kodiak Station,Kodiak,332,0,0,0,0,0,1817.0217554859,0.1060456189,0,0,0.2585839941,0,0,63972.1492804502,414343.690438045,332,16542.173871488,119870.82515571,0.2893028853
Kokhanok,Bristol Bay,52,33,904.7284848485,0.1525618543,4554.8928234253,33,904.7284848485,0.1525618543,20,817.9,0.2814386399,0.1023181216,1673.7198336371,6090.5856018071,36425.113056573,0,0,0,0
Koliganek,Bristol Bay,55,5,983.2,0.186667965,917.6597160347,5,1253.7457405615,0.1364969949,0,0,0.2334826601,0,0,9474.2860108816,60499.898629577,50,1997.8238686304,14476.9845552925,0.2392894019
Kongiganak,Lower Yukon-Kuskokwim,94,0,0,0,0,0,1045.957275886,0.1666381457,0,0,0.3336983204,0,0,16383.8598068989,104787.100049992,94,5467.2664987345,39617.8731792352,0.3780796793
Kotlik,Lower Yukon-Kuskokwim,128,39,890.4358974359,0.1670663644,5801.7136376855,39,890.4358974359,0.1670663644,33,861.696969697,0.2351395428,0.1269913994,3611.1274339779,17743.5068078271,109598.744984254,56,1958.8689324476,14194.7024090406,0.1295151912
Kotzebue,Northwest Arctic,954,192,1394.85375,0.1493593641,40000.2180717089,192,1394.85375,0.1493593641,79,1301.9905063291,0.2501769646,0.1177476196,12111.1963476356,194403.856830684,1267282.73065713,683,35598.2913225584,257958.632772163,0.2035525511
Koyuk,Bering Straits,89,1,1040,0.0622788462,64.77,1,1243.088742515,0.1509469955,0,0,0.3261277145,0,0,16577.1349559525,106928.948956177,88,5385.1398448537,39022.7524989395,0.3649409527
Koyukuk,Yukon-Koyukuk/Upper Tanana,42,3,642.75,0.1530618713,295.1415533913,3,1121.8146232877,0.2465402206,0,0,0.3264046098,0,0,11081.4661181792,74073.5225955014,39,3520.7060607793,25512.3627592702,0.3444194614
Kupreanof,Southeast,15,1,803,0.1156662516,92.88,1,1711.7903707981,0.1227746387,0,0,0.2806617236,0,0,3035.1822213036,19770.1610239391,14,825.7916128587,5983.9971946283,0.3026782224
Kwethluk,Lower Yukon-Kuskokwim,172,47,861.1063829787,0.211475183,8558.8236072725,47,861.1063829787,0.211475183,26,681.0769230769,0.6393137246,0.0821754529,1455.1629207702,28042.1468922975,177703.093422446,99,11525.6503499481,83519.2054344065,0.4699929744
Kwigillingok,Lower Yukon-Kuskokwim,82,30,1107.4666666667,0.1296972315,4309.0608191854,30,1107.4666666667,0.1296972315,30,1107.4666666667,0.1259696465,0.1110912431,3690.8954595897,11159.9342128445,68711.6971945251,22,398.0613034209,2884.5021987019,0.0419797839
Lake Louise,Railbelt,25,0,0,0,0,0,1747.5136673929,0.1539357067,0,0,0.2301575703,0,0,6725.1187857527,45026.2230851644,25,1547.8369997278,11216.2101429551,0.2491039526
Lake Minchumina,Yukon-Koyukuk/Upper Tanana,6,0,0,0,0,0,1121.8146232877,0.2465402206,0,0,0.3264046098,0,0,1659.4345484289,11135.3228147022,6,541.6470862737,3924.9788860416,0.352480027
Larsen Bay,Kodiak,34,3,1114,0.0650448833,217.38,3,1817.0217554859,0.1060456189,0,0,0.2585839941,0,0,6190.6830954637,39819.1528656792,31,1544.6005723377,11192.7577705633,0.2810898014
Levelock,Bristol Bay,27,22,1010.1363636364,0.173673772,3859.5522341013,22,1010.1363636364,0.173673772,17,963.7647058824,0.3338895565,0.1175565022,1926.0457326013,3680.3876571928,22666.4322984984,0,0,0,0
Lime Village,Lower Yukon-Kuskokwim,11,1,968,0.1155681818,111.87,1,1045.957275886,0.1666381457,1,968,0.3336983204,0.0473863636,45.87,1726.4074283201,10879.3291907254,9,523.461686049,3793.2006235438,0.34866126
Livengood,Yukon-Koyukuk/Upper Tanana,7,0,0,0,0,0,1121.8146232877,0.2465402206,0,0,0.3264046098,0,0,1936.0069731671,12991.2099504859,7,631.9216006527,4579.1420337152,0.352480027
Lower Kalskag,Lower Yukon-Kuskokwim,75,25,849.12,0.1935751536,4109.2133609453,25,849.12,0.1935751536,20,880.2,0.4858616106,0.0913877678,1608.790264086,10649.0596581657,66047.5337548241,30,2395.8108261246,17360.9480153953,0.2628553563
Lutak,Southeast,25,0,0,0,0,0,1711.7903707981,0.1227746387,0,0,0.2806617236,0,0,5254.1111094707,34366.7471700775,25,1474.6278801048,10685.709276122,0.3109316463
Manley Hot Springs,Yukon-Koyukuk/Upper Tanana,41,7,1075.7442857143,0.1867713282,1406.4273236763,7,1121.8146232877,0.2465402206,1,840,0.3264046098,0.1317098109,110.6362411185,10643.9535811539,71051.4027619845,33,2979.0589745056,21587.3838732286,0.3038276942
Manokotak,Bristol Bay,121,89,1045.9994382023,0.118818581,11061.2910408132,89,1045.9994382023,0.118818581,76,819.6307894737,0.1979650917,0.0937529529,5840.0533185975,11432.8409235031,64907.1081413267,0,0,0,0
Marshall,Lower Yukon-Kuskokwim,100,18,1088.0555555556,0.2630600386,5152.0308560669,18,1088.0555555556,0.2630600386,10,883,0.2442895854,0.1832966127,1618.5090898885,27378.663370223,183570.024421906,72,5034.3499263868,36480.7965680201,0.1987295948
McCarthy,Copper River/Chugach,20,7,1599.6428571429,0.626488861,7015.1090209188,7,1845.1516180905,0.1543141463,2,1438.75,0.2999368524,0.1287121298,370.3691534628,10517.5411385702,73248.8488302185,11,939.4211069587,6807.399325788,0.0929352397
McGrath,Yukon-Koyukuk/Upper Tanana,147,21,1872.3333333333,0.1467455935,5769.8899927414,21,1872.3333333333,0.1467455935,2,1152,0.3264046098,0.1354880435,312.1644521739,40151.8810687218,269161.312092187,124,11120.5484652031,80583.6845304574,0.2993880655
McKinley Park,Railbelt,109,0,0,0,0,0,1747.5136673929,0.1539357067,0,0,0.2301575703,0,0,29321.5179058817,196314.332651317,109,6748.5693188132,48902.6762232841,0.2491039526
Mekoryuk,Lower Yukon-Kuskokwim,70,0,0,0,0,0,1045.957275886,0.1666381457,0,0,0.3336983204,0,0,12200.7466647119,78032.9468457387,70,4071.3686692704,29502.6715164518,0.3780796793
Mendeltna,Copper River/Chugach,19,0,0,0,0,0,1845.1516180905,0.1543141463,0,0,0.2999368524,0,0,5409.9269381439,36385.4125952456,19,1622.6364574742,11758.2351990883,0.323157946
Mentasta Lake,Copper River/Chugach,46,13,1106.2307692308,0.3138739378,4513.8211000757,13,1106.2307692308,0.3138739378,10,1109.3,0.4933483723,0.1512789485,1678.1373754418,14177.9496525745,95918.7655983661,23,3939.8757487579,28549.8242663615,0.2976458682
Metlakatla,Southeast,493,95,1084.9104210526,0.1056128078,10885.1413956962,95,1084.9104210526,0.1056128078,87,1054.9548275862,0.1651663738,0.0867609102,7963.0091742162,54482.6660863493,321709.319466299,311,5885.6237111365,42649.4471821482,0.1325713761
Minto,Yukon-Koyukuk/Upper Tanana,65,15,993.0666666667,0.1772390064,2640.1522397326,15,993.0666666667,0.1772390064,12,949,0.2630084554,0.1162012852,1323.3002362065,10651.8381499283,67550.2764487557,38,1759.1019853045,12747.11583554,0.1887056057
Moose Pass,Railbelt,93,3,1760.3333333333,0.1141556912,602.8562051893,3,1747.5136673929,0.1539357067,1,1728,0.2301575703,0.116087963,200.6,24744.8790824689,165522.45711934,89,5510.299719031,39929.7081089201,0.2412343848
Mosquito Lake,Southeast,138,0,0,0,0,0,1711.7903707981,0.1227746387,0,0,0.2806617236,0,0,29002.6933242783,189704.444378828,138,8139.9458981787,58985.1152041934,0.3109316463
Mountain Village,Lower Yukon-Kuskokwim,184,23,853.347826087,0.2292737981,4499.9568347936,23,853.347826087,0.2292737981,4,760,0.3336983204,0.1529949983,465.1047949735,35682.1582846627,231286.364381614,157,10250.2435603718,74277.1272490707,0.3211478872
Mud Bay,Southeast,104,0,0,0,0,0,1711.7903707981,0.1227746387,0,0,0.2806617236,0,0,21857.1022153981,142965.668227522,104,6134.4519812361,44452.5505886675,0.3109316463
Naknek,Bristol Bay,231,94,1507.3240425532,0.1588775785,22511.1194240245,94,1507.3240425532,0.1588775785,55,1293.456,0.2802887204,0.1187707546,8449.3609833349,50597.8399049127,332402.75293415,82,5504.1303648905,39885.0026441337,0.1199899889
Nanwalek,Railbelt,55,14,1619.2142857143,0.1081790069,2452.3099078279,14,1619.2142857143,0.1081790069,0,0,0.2301575703,0,0,9634.0746378955,61657.7872311265,41,1652.93752076,11977.8081214494,0.1942626983
Napakiak,Lower Yukon-Kuskokwim,96,36,983.7777777778,0.1703740874,6033.9686777378,36,983.7777777778,0.1703740874,22,991.8181818182,0.2647663003,0.1297250231,2830.6000035055,15233.7578410777,96156.5060947659,38,1686.3466499351,12219.903260399,0.1270834783
Napaskiak,Lower Yukon-Kuskokwim,94,14,988,0.1327940994,1836.8079833136,14,988,0.1327940994,6,1015.5,0.3336983204,0.0914669775,557.3082937027,12102.9584745313,73766.0759024004,74,3239.824334045,23476.9879278622,0.3182626653
Naukati Bay,Southeast,49,8,1120.25,0.1523351502,1365.2276163573,8,1711.7903707981,0.1227746387,5,1122.4,0.2806617236,0.0997475108,559.7830307359,9490.930644731,61510.0771357322,36,2123.464147351,15387.4213576157,0.250160983
Nelchina,Copper River/Chugach,30,0,0,0,0,0,1845.1516180905,0.1543141463,0,0,0.2999368524,0,0,8541.9899023325,57450.6514661772,30,2562.0575644329,18565.6345248763,0.323157946
Nelson Lagoon,Aleutians,22,8,1537.6425,0.0907542808,1116.3811134202,8,1280.005261708,0.1203594636,8,1537.6425,0.3206591027,0.0627899051,772.3874128038,2813.1330061211,17123.2826530515,6,296.4058846911,2147.8687296458,0.1254355706
Nenana,Railbelt,171,82,1301.7743902439,0.2097508737,22389.9618891246,82,1301.7743902439,0.2097508737,57,1212.2631578947,0.2182229718,0.1538638605,10631.8388979841,41759.3468901817,277251.354276679,32,1906.7332765548,13816.9078011213,0.0498353122
New Allakaket,Yukon-Koyukuk/Upper Tanana,18,0,0,0,0,0,1121.8146232877,0.2465402206,0,0,0.3264046098,0,0,4978.3036452867,33405.9684441067,18,1624.9412588212,11774.9366581247,0.352480027
New Stuyahok,Bristol Bay,114,120,868.3819166667,0.1549323923,16144.8585369376,120,868.3819166667,0.1549323923,65,908.7973846154,0.1346793004,0.09862167,5825.7625226729,12418.2464252558,73085.5538062013,0,0,0,0
Newhalen,Bristol Bay,50,30,1038,0.142971858,4452.1436596458,30,1038,0.142971858,20,1003,0.2339507376,0.1186610135,2380.3399304651,6832.4835901108,42097.7071747161,0,0,0,0
Newtok,Lower Yukon-Kuskokwim,70,0,0,0,0,0,1045.957275886,0.1666381457,0,0,0.3336983204,0,0,12200.7466647119,78032.9468457387,70,4071.3686692704,29502.6715164518,0.3780796793
Nightmute,Lower Yukon-Kuskokwim,59,34,812.3529411765,0.1447063012,3996.7880391314,34,812.3529411765,0.1447063012,28,808.2857142857,0.3521411668,0.0783118067,1772.3528100682,5416.483081041,30502.4860944999,0,0,0,0
Nikolaevsk,Railbelt,107,0,0,0,0,0,1747.5136673929,0.1539357067,0,0,0.2301575703,0,0,28783.5084030215,192712.234804503,107,6624.742358835,48005.3794118477,0.2491039526
Nikolai,Yukon-Koyukuk/Upper Tanana,37,2,1112,0.1148942308,255.5247692308,2,1121.8146232877,0.2465402206,1,1040,0.3264046098,0.055125,57.33,9716.3172103279,64922.4435531008,34,3069.3334888845,22241.5470209022,0.3425864124
Nikolski,Aleutians,13,2,920,0.0926637608,170.5013199246,2,1280.005261708,0.1203594636,2,920,0.3206591027,0.0739693384,136.1035826524,1693.1516224226,10341.8233508881,9,444.6088270367,3221.8030944686,0.3115314375
Noatak,Northwest Arctic,114,34,840.2941176471,0.2627886043,7507.8704249176,34,840.2941176471,0.2627886043,33,843.9393939394,0.4231850002,0.1136823641,3166.0538405102,21052.4510292845,135652.253835395,47,4392.0368509578,31826.3539924477,0.2346172149
Nome,Bering Straits,1216,245,1307.8475102041,0.1350954132,43287.6289580758,245,1307.8475102041,0.1350954132,97,1090.3282474227,0.2508962624,0.1081973658,11443.1524871633,209152.772095681,1335314.58040349,874,38743.9002821507,280752.900595295,0.2102522542
Nondalton,Bristol Bay,57,38,997.0526315789,0.1551870564,5879.7271921861,38,997.0526315789,0.1551870564,37,971.2432432432,0.3889755187,0.0929048623,3338.6291299056,6433.2223889509,38166.6839779047,0,0,0,0
Noorvik,Northwest Arctic,153,0,0,0,0,0,1150.5043326039,0.2081087086,0,0,0.3314395025,0,0,36632.7855456675,242771.05467875,153,12141.5522181829,87982.2624506006,0.362408371
Northway,Yukon-Koyukuk/Upper Tanana,27,26,1237.2788461539,0.2162805964,6957.5845753835,26,1237.2788461539,0.2162805964,16,1041.140625,0.2304220381,0.1579749413,2631.586065474,5575.1795396747,36396.8082585124,0,0,0,0
Northway Junction,Yukon-Koyukuk/Upper Tanana,20,0,0,0,0,0,1121.8146232877,0.2465402206,0,0,0.3264046098,0,0,5531.448494763,37117.7427156741,20,1805.4902875791,13083.2629534719,0.352480027
Northway Village,Yukon-Koyukuk/Upper Tanana,30,0,0,0,0,0,1121.8146232877,0.2465402206,0,0,0.3264046098,0,0,8297.1727421445,55676.6140735111,30,2708.2354313687,19624.8944302078,0.352480027
Nuiqsut,North Slope,114,22,1144.8490909091,0.1142685929,2878.0464835513,22,1144.8490909091,0.1142685929,2,1137,0.2483414893,0.1362658953,309.8686460129,14961.7416531829,91516.6786462528,90,2923.9296134333,21187.8957495164,0.2315195007
Nulato,Yukon-Koyukuk/Upper Tanana,92,1,1184,0.0737668919,87.34,1,1121.8146232877,0.2465402206,0,0,0.3264046098,0,0,25255.4306511717,169370.367037476,91,8214.980808485,59528.8464382971,0.3514714379
Nunam Iqua,Lower Yukon-Kuskokwim,43,24,913.3333333333,0.2012624716,4411.6733773685,24,913.3333333333,0.2012624716,17,729.7058823529,0.4626589324,0.1053513697,1306.8837414237,6086.1965669062,37727.6562819289,2,170.091674574,1232.5483664779,0.0326696246
Nunapitchuk,Lower Yukon-Kuskokwim,124,25,972.64,0.1976052375,4804.9689556616,25,972.64,0.1976052375,19,1043.3684210526,0.1555178227,0.1472993498,2920.0623096725,23100.9319234513,149013.709590227,80,2391.2265918752,17327.7289266319,0.1162827835
Old Harbor,Kodiak,84,4,792,0.0963377986,305.1981458333,4,1817.0217554859,0.1060456189,2,816,0.2585839941,0.0865169271,141.195625,15475.9951078066,99690.9790420767,78,3886.4143433014,28162.4227775463,0.2824972033
Oscarville,Lower Yukon-Kuskokwim,15,11,951.0909090909,0.1410959241,1476.1455574374,11,951.0909090909,0.1410959241,10,926.3,0.306629302,0.0954884218,884.5092508234,1555.484504204,9047.71379858,0,0,0,0
Ouzinkie,Kodiak,56,6,1331.8333333333,0.0651587248,520.6833700748,6,1817.0217554859,0.1060456189,0,0,0.2585839941,0,0,10155.0432014679,65284.660880202,50,2491.291245706,18052.8351138117,0.2765249121
Paxson,Copper River/Chugach,22,1,3060,0.0791078431,242.07,1,1845.1516180905,0.1543141463,1,3060,0.2999368524,0.0597352941,182.79,6119.5199348883,41082.6082238283,20,1708.0383762886,12377.0896832509,0.3012732204
Pedro Bay,Bristol Bay,19,10,1077.9,0.1806006183,1946.6940642734,10,1077.9,0.1806006183,10,1077.9,0.3414013396,0.1098337071,1183.8975289037,2935.9221867497,18457.8419329687,0,0,0,0
Pelican,Southeast,41,3,2169.3333333333,0.1752614827,1140.6017293711,3,1711.7903707981,0.1227746387,1,1920,0.2806617236,0.08634375,165.78,9082.4661713878,59736.2766042592,37,2182.4492625552,15814.8497286606,0.264744484
Perryville,Bristol Bay,38,8,1087.5625,0.1004125897,873.6397370761,8,1253.7457405615,0.1364969949,0,0,0.2334826601,0,0,6007.6155139842,37899.5327100306,30,1198.6943211782,8686.1907331755,0.2291899164
Petersburg,Southeast,1252,455,1804.385209713,0.1112045043,91298.3721125118,455,1804.385209713,0.1112045043,249,1653.9223790323,0.3446923468,0.0772854567,31828.2124424312,233085.942615726,1503405.96098353,548,37902.149179747,274653.254925703,0.1826873526
Pilot Point,Bristol Bay,27,6,1476.5,0.1597340282,1415.083755766,6,1253.7457405615,0.1364969949,0,0,0.2334826601,0,0,5008.8667996017,32293.0927507369,21,839.0860248248,6080.3335132229,0.1882858839
Pilot Station,Lower Yukon-Kuskokwim,121,74,861.3963513514,0.2123113957,13533.435357918,74,861.3963513514,0.2123113957,70,874.619,0.2748223602,0.1403145054,8590.5212688953,17917.6186101631,111898.250798283,0,0,0,0
Pitkas Point,Lower Yukon-Kuskokwim,31,0,0,0,0,0,1045.957275886,0.1666381457,0,0,0.3336983204,0,0,5403.1878086582,34557.4478888271,31,1803.0346963912,13065.4688144287,0.3780796793
Platinum,Lower Yukon-Kuskokwim,19,7,873.1428571429,0.1260251992,770.2660174375,7,1045.957275886,0.1666381457,6,868.6666666667,0.3336983204,0.1022992095,533.1834800292,2349.2277830134,14206.4332102418,6,348.974457366,2528.8004156959,0.1780038929
Point Baker,Southeast,8,3,967,0.3098102091,898.7594166958,3,1711.7903707981,0.1227746387,3,967,0.2806617236,0.1598643659,463.7665254481,1782.8548309015,11733.1509485618,2,117.9702304084,854.8567420898,0.0728582412
Point Hope,North Slope,186,42,1149.0416666667,0.1375660971,6638.9054569249,42,1149.0416666667,0.1375660971,8,1092.1875,0.2483414893,0.1072511648,937.1070521352,29073.4206552931,183100.43953111,136,5338.6983547566,38686.2199620041,0.2112841458
Point Lay,North Slope,60,21,960.0833333333,0.1627034473,3280.3862279512,21,960.0833333333,0.1627034473,15,977.1,0.2632777669,0.1341757349,1966.5466580969,8995.9457179924,56292.3602753069,24,987.0317265288,7152.4038154258,0.1270581617
Pope-Vannoy Landing,Bristol Bay,3,0,0,0,0,0,1253.7457405615,0.1364969949,0,0,0.2334826601,0,0,513.3975776908,3275.4896934117,3,119.8694321178,868.6190733176,0.2651875459
Port Alexander,Southeast,22,7,1078.8571428572,0.1758947388,1328.3570676953,7,1711.7903707981,0.1227746387,4,1015.5,0.2806617236,0.1169520793,475.0593461008,4115.2253019632,26558.7340721967,11,648.8362672461,4701.7120814937,0.17703073
Port Alsworth,Bristol Bay,44,2,1799,0.0985143607,354.454669943,2,1253.7457405615,0.1364969949,0,0,0.2334826601,0,0,7542.0207576144,48128.8460696693,42,1678.1720496495,12160.6670264457,0.2526689921
Port Graham,Railbelt,79,3,1290,0.1038682963,401.9703066202,3,1747.5136673929,0.1539357067,0,0,0.2301575703,0,0,20846.3314153084,139347.763879046,76,4705.4244791725,34097.2788345834,0.2446919698
Port Heiden,Bristol Bay,35,44,1176.0529545455,0.1027512673,5317.0009833581,44,1176.0529545455,0.1027512673,17,1122.2352941177,0.1648069109,0.0823447693,1570.9735092759,3746.1102751951,21956.5961970661,0,0,0,0
Port Lions,Kodiak,77,7,1214.2857142857,0.0709995174,603.4958978578,7,1817.0217554859,0.1060456189,0,0,0.2585839941,0,0,14091.5996618082,90696.9540710738,70,3487.8077439884,25273.9691593364,0.2786639245
Port Protection,Southeast,26,4,719.75,0.2200385757,633.4910594225,4,1711.7903707981,0.1227746387,4,719.75,0.2806617236,0.1658829165,477.5769167103,4894.0279749518,31609.1882242881,18,1061.7320736755,7693.7106788078,0.243401084
Portage Creek,Bristol Bay,1,0,0,0,0,0,1253.7457405615,0.1364969949,0,0,0.2334826601,0,0,171.1325258969,1091.8298978039,1,39.9564773726,289.5396911059,0.2651875459
Quinhagak,Lower Yukon-Kuskokwim,165,21,1027.4166666667,0.0799879019,1725.7989746936,21,1027.4166666667,0.0799879019,4,915,0.3336983204,0.0994481974,363.9804024746,13595.1058751254,74052.2164864157,140,3839.3081276731,27821.0733889354,0.37569535
Rampart,Yukon-Koyukuk/Upper Tanana,10,1,1280,0.9889765625,1265.89,1,1121.8146232877,0.2465402206,1,1280,0.3264046098,0.346234375,443.18,3921.6493979052,26935.1405645305,8,722.1961150316,5233.3051813888,0.1942928484
Red Devil,Lower Yukon-Kuskokwim,12,4,563.5,0.2870252386,646.9548877192,4,1045.957275886,0.1666381457,4,563.5,0.3336983204,0.1430755035,322.4921848624,1666.6325962794,10297.9173643433,4,232.649638244,1685.8669437973,0.163709504
Ruby,Yukon-Koyukuk/Upper Tanana,62,6,1296,0.0767881833,597.1049133505,6,1121.8146232877,0.2465402206,1,1216,0.3264046098,0.5302878289,644.83,16453.4182739488,110035.494738759,55,4965.0982908426,35978.9731220477,0.3269760654
Russian Mission,Lower Yukon-Kuskokwim,73,30,861,0.2142311585,5533.5908252542,30,861,0.2142311585,29,809.5172413793,0.3361514477,0.1357304879,3186.4089345919,11302.3421449648,71077.9865577156,14,868.0581311187,6290.2763124543,0.0884982344
Saint George,Aleutians,42,17,1052.8676470588,0.134510982,2407.5784382693,17,1052.8676470588,0.134510982,17,1052.8676470588,0.3055272867,0.09157119,1639.0098368426,5179.5663637091,31306.1330703558,8,346.1557213516,2508.3747924028,0.0801240698
Saint Mary's,Lower Yukon-Kuskokwim,151,27,913.1481481481,0.2090479903,5154.078201323,27,913.1481481481,0.2090479903,23,869.9565217391,0.3810925923,0.1304472236,2610.1184979463,27044.2670079221,173585.558028421,101,7347.4919731315,53242.6954574746,0.3067230711
Saint Michael,Bering Straits,96,21,920.6666666667,0.289419238,5595.6315466355,21,920.6666666667,0.289419238,12,706.8333333333,0.5007870733,0.1700052487,1441.9845190603,23824.5107056023,158408.338446393,63,8406.6598366853,60917.8249035169,0.3845619839
Saint Paul,Aleutians,162,54,1172.765,0.1454804901,9213.1790583148,54,1172.765,0.1454804901,35,1023.6088571429,0.3702105981,0.1005677304,3602.9706848912,25271.0029146316,159104.948656751,73,4610.9186419929,33412.4539274844,0.2100026065
Salamatof,Railbelt,246,0,0,0,0,0,1747.5136673929,0.1539357067,0,0,0.2301575703,0,0,66175.1688518064,443058.035158017,246,15230.7160773216,110367.507806678,0.2491039526
Salcha,Railbelt,429,0,0,0,0,0,1747.5136673929,0.1539357067,0,0,0.2301575703,0,0,115403.038363516,772649.98814142,429,26560.882915329,192470.166053109,0.2491039526
Sand Point,Aleutians,246,67,1282.8965671642,0.1186765173,10200.7296770665,67,1282.8965671642,0.1186765173,50,1194.5518,0.3337632886,0.0817189347,4880.8750285742,34721.8155764106,215135.185336309,129,6555.1813682615,47501.3142627644,0.2207975148
Savoonga,Bering Straits,166,10,1155.2,0.091145939,1052.9178869484,10,1155.2,0.091145939,0,0,0.3261277145,0,0,17478.4369233427,102044.035676397,156,5356.8169835904,38817.5143738436,0.3803996394
Saxman,Southeast,120,11,1944.3636363636,0.09277651,1984.3039956462,11,1944.3636363636,0.09277651,10,1991.4,0.2480599108,0.0669126246,1332.4980068573,21175.5379633188,135654.6229226,99,4430.0364497585,32101.7134040471,0.236642974
Scammon Bay,Lower Yukon-Kuskokwim,96,51,760.0784313725,0.2839930954,11008.7083519152,51,760.0784313725,0.2839930954,45,764.8,0.4906217376,0.1272627951,4379.8763576893,15388.5847096045,97278.43992467,0,0,0,0
Selawik,Northwest Arctic,186,5,4362.6,0.177216814,3865.6303645123,5,1150.5043326039,0.2081087086,5,4362.6,0.3314395025,0.1132518291,2470.3621479824,48475.6673885566,323696.43035186,176,13966.7528784326,101208.354191541,0.3126644124
Seldovia,Railbelt,121,20,2278.5835,0.1794963744,8179.9495406882,20,2278.5835,0.1794963744,12,2570.5241666667,0.1619212279,0.1881221535,5802.8705035013,50383.5955002521,347158.952900377,89,5894.0582586761,42710.5670918558,0.123028851
Seldovia Village,Railbelt,74,0,0,0,0,0,1747.5136673929,0.1539357067,0,0,0.2301575703,0,0,19906.3516058279,133277.620332086,74,4581.5975191943,33199.982023147,0.2491039526
Seward,Railbelt,928,373,1910.8184986595,0.1108370057,78997.4465179246,373,1910.8184986595,0.1108370057,121,1853.1343801653,0.2767783691,0.0960570574,21538.802908941,192452.849396783,1256999.77823756,434,25440.5266355551,184351.642286631,0.1466600436
Shageluk,Yukon-Koyukuk/Upper Tanana,36,11,967.0909090909,0.1033257195,1099.1790040308,11,967.0909090909,0.1033257195,1,713,0.3264046098,0.088513324,63.11,3560.4977400979,20463.3169572313,24,782.7863867224,5672.3651211768,0.2771967581
Shaktoolik,Bering Straits,64,9,967.5555555556,0.1883876981,1640.4800749054,9,1243.088742515,0.1509469955,7,892,0.3261277145,0.1009883939,630.5715318073,11277.7961281414,72234.4646966768,48,2937.3490062838,21285.1377266942,0.2946673422
Shishmaref,Bering Straits,141,0,0,0,0,0,1243.088742515,0.1509469955,0,0,0.3261277145,0,0,26457.3120316965,170814.869794903,141,8628.4627059587,62525.0920721643,0.3660401003
Shungnak,Northwest Arctic,62,56,959.5367857143,0.4011178981,21553.6932014867,56,959.5367857143,0.4011178981,1,1064,0.3314395025,0.1214473684,129.22,23607.3500944765,161875.580394758,5,637.8344064965,4621.9884528732,0.028552722
Silver Springs,Copper River/Chugach,44,0,0,0,0,0,1845.1516180905,0.1543141463,0,0,0.2999368524,0,0,12528.2518567543,84260.9554837265,44,3757.684427835,27229.5973031519,0.323157946
Sitka,Southeast,3545,815,1642.3942435424,0.1099067377,147115.807566246,815,1642.3942435424,0.1099067377,441,1513.4153287982,0.2450474908,0.0849364378,56687.9511563089,616991.591261375,3945368.77725634,2289,101250.641607311,733700.301502257,0.1859649485
Skagway,Southeast,436,66,1702.8477272727,0.1189996369,13374.1252421625,66,1702.8477272727,0.1189996369,13,1517.5084615385,0.0473231916,0.121746311,2401.7637417955,88117.7482483827,573892.668466541,357,3423.4476686404,24807.5918017418,0.043226884
Skwentna,Railbelt,20,1,800,0.13565,108.52,1,1747.5136673929,0.1539357067,0,0,0.2301575703,0,0,5219.610277172,34858.0454867539,19,1176.3561197931,8524.3197086459,0.2445438231
Slana,Copper River/Chugach,77,9,1619.7777777778,0.2257307392,3290.7027154781,9,1845.1516180905,0.1543141463,3,1283.3333333333,0.2999368524,0.14290814,550.1963388802,22348.5438427452,150529.882918444,65,5551.124722938,40225.5414705653,0.2672262855
Sleetmute,Lower Yukon-Kuskokwim,36,17,804,0.3720017489,5084.5199037013,17,804,0.3720017489,5,909.6,0.3336983204,0.1839318931,836.5222500122,10108.2938391146,67911.1147761929,14,1397.2788543835,10125.2090897352,0.1490950211
South Naknek,Bristol Bay,35,24,1135.51125,0.1550461823,4225.3604221664,24,1135.51125,0.1550461823,20,1104.5635,0.2530364244,0.1214915487,2683.9026055245,5324.7528693785,33396.035285351,0,0,0,0
Stebbins,Bering Straits,134,18,746.7777777778,0.2988719445,4017.4366774998,18,746.7777777778,0.2988719445,16,562.0625,0.6007072699,0.1324111922,1190.773851621,27527.3031818971,179606.254941283,100,13407.2412138537,97153.9218395193,0.5409272738
Stevens Village,Yukon-Koyukuk/Upper Tanana,26,1,400,0.22195,88.78,1,1121.8146232877,0.2465402206,1,400,0.3264046098,0.254425,101.77,6828.2881937156,45625.5666211277,24,2166.588345095,15699.9155441663,0.3441034645
Stony River,Lower Yukon-Kuskokwim,20,2,963.5,0.2070596099,399.0038681872,2,1045.957275886,0.1666381457,2,963.5,0.3336983204,0.1655424243,319.0002516318,3506.7462146103,22445.9870623936,16,930.5985529761,6743.467775189,0.3004308858
Sutton,Railbelt,0,47,1680.7393617021,0.1463753666,11562.8854907828,47,1680.7393617021,0.1463753666,21,1371.2261904762,0.1926840797,0.1421014161,4091.9168539429,-1074.478790875,-7786.0781947464,0,0,0,0
Takotna,Yukon-Koyukuk/Upper Tanana,22,17,1007.8235294118,0.2443093671,4185.7523871487,17,1007.8235294118,0.2443093671,7,704.5714285714,0.3264046098,0.1837718191,906.3626119,4599.6735417371,30069.2285633123,0,0,0,0
Talkeetna,Railbelt,449,63,1428.9001587302,0.1651508004,14866.9923110803,63,1428.9001587302,0.1651508004,21,976.8214285714,0.2474769584,0.1905164385,3908.1113320535,104909.265445424,693642.93801032,365,21316.2203806959,154465.365077506,0.2226871444
Tanacross,Yukon-Koyukuk/Upper Tanana,53,43,1175.1860465116,0.2628071273,13280.4325637816,43,1175.1860465116,0.2628071273,20,1097.75,0.4606734962,0.1767758975,3881.1148303797,14073.0747049098,94120.9761225346,0,0,0,0
Tanaina,Railbelt,2713,0,0,0,0,0,1747.5136673929,0.1539357067,0,0,0.2301575703,0,0,729809.890629881,4886245.72920204,2713,167971.271210461,1217183.12471348,0.2491039526
Tanana,Yukon-Koyukuk/Upper Tanana,100,58,874.7586206897,0.2664013707,13516.1399448925,58,874.7586206897,0.2664013707,53,814.8679245283,0.3652703104,0.1332542484,5754.9844807947,16707.7185740697,106244.337493259,0,0,0,0
Tatitlek,Copper River/Chugach,36,5,1579.4,0.1181799694,933.2672181014,5,1845.1516180905,0.1543141463,0,0,0.2999368524,0,0,9759.9901171782,65387.1747621611,31,2647.4594832474,19184.4890090388,0.2933983473
Tazlina,Copper River/Chugach,111,13,1448.9730769231,0.187311704,3528.3250098304,13,1448.9730769231,0.187311704,10,1332.865,0.1972446803,0.1432069665,1908.7555333808,29321.1267636013,196014.976547835,88,4711.0010618257,34137.688853809,0.1741585743
Telida,Yukon-Koyukuk/Upper Tanana,0,2,597.625,0.4008753477,479.1462593503,2,1121.8146232877,0.2465402206,2,597.625,0.3264046098,0.114971715,137.4199423559,-489.7234972464,-3548.7209945393,0,0,0,0
Teller,Bering Straits,72,0,0,0,0,0,1243.088742515,0.1509469955,0,0,0.3261277145,0,0,13510.1167821429,87224.6143633545,72,4406.0235094257,31927.7065900414,0.3660401003
Tenakee Springs,Southeast,72,8,1198.39125,0.2826110005,2709.4284014343,8,1711.7903707981,0.1227746387,1,1170,0.2806617236,0.1053856034,123.3011559542,16073.0895532547,105796.880820686,63,3716.0622578642,26927.9873758274,0.254525343
Tetlin,Yukon-Koyukuk/Upper Tanana,43,11,808.4318181818,0.3409302597,3031.8075666486,11,808.4318181818,0.3409302597,8,789.09375,0.3264046098,0.1841826246,1162.6988632852,10809.3593026216,71953.4732074032,24,2159.1184708147,15645.786020396,0.2174430965
Thorne Bay,Southeast,214,24,1614.6041666667,0.1294684859,5016.9685626125,24,1614.6041666667,0.1294684859,12,1251.1666666667,0.4453096123,0.0960477016,1442.0601920476,43668.2122607028,284708.494642774,178,16569.6070812462,120069.616530769,0.4217282547
Togiak,Bristol Bay,231,104,983.7175961538,0.1255222094,12841.754229585,104,983.7175961538,0.1255222094,62,996.9516129032,0.1598684552,0.1063199369,6571.7416190604,27439.5922421361,164589.36407345,65,1283.1196315137,9297.9683443019,0.0564919149
Tok,Yukon-Koyukuk/Upper Tanana,532,110,1582.7752727273,0.2365687927,41187.8758870451,110,1582.7752727273,0.2365687927,64,1372.97890625,0.2630222786,0.1661697381,14601.4428939952,189837.133031605,1296756.61617105,358,35257.5615479405,255489.576434351,0.1970219957
Toksook Bay,Lower Yukon-Kuskokwim,125,10,876.7,0.0974123008,854.013640879,10,876.7,0.0974123008,2,740,0.3336983204,0.0995223485,147.2930757576,10651.6608585687,58653.3395548458,113,3220.3069681354,23335.5577401112,0.3978555683
Tolsona,Copper River/Chugach,18,0,0,0,0,0,1845.1516180905,0.1543141463,0,0,0.2999368524,0,0,5125.1939413995,34470.3908797063,18,1537.2345386598,11139.3807149258,0.323157946
Tonsina,Copper River/Chugach,39,2,1170.25,0.4804035075,1124.3844093146,2,1845.1516180905,0.1543141463,1,638.5,0.2999368524,0.5534690681,353.39,11728.1622921136,79204.5093631418,36,3074.4690773195,22278.7614298515,0.2812814776
Trapper Creek,Railbelt,225,20,1109.325,0.3449982248,7654.3031143934,20,1109.325,0.3449982248,15,1046,0.3476825538,0.1803294435,2829.3689689173,83199.5516700477,569536.606304694,190,25282.0427167139,183203.20809213,0.321670646
Tuluksak,Lower Yukon-Kuskokwim,92,9,934,0.1712560094,1439.57801495,9,1045.957275886,0.1666381457,6,1003,0.3336983204,0.1458558007,877.7602088936,15738.1595550267,100404.634456715,77,4478.5055361974,32452.938668097,0.323221521
Tuntutuliak,Lower Yukon-Kuskokwim,96,4,884,0.0757437783,267.83,4,1045.957275886,0.1666381457,0,0,0.3336983204,0,0,16303.09704505,103905.340906159,92,5350.9416796125,38774.9397073366,0.373175617
Tununak,Lower Yukon-Kuskokwim,84,48,761.9583333333,0.1933562534,7071.8116132285,48,761.9583333333,0.1933562534,47,757.7446808511,0.5459212012,0.0785207219,2796.4369898333,8247.6251083637,47311.4862924902,0,0,0,0
Twin Hills,Bristol Bay,29,0,0,0,0,0,1253.7457405615,0.1364969949,0,0,0.2334826601,0,0,4962.8432510112,31663.0670363131,29,1158.7378438056,8396.6510420697,0.2651875459
Two Rivers,Railbelt,296,5,1686.2,0.0961929626,811.0028679532,5,1747.5136673929,0.1539357067,0,0,0.2301575703,0,0,79091.3855341144,529240.764739959,291,18016.8226768316,130556.686063997,0.2466867535
Tyonek,Railbelt,70,35,1133.2155555556,0.1432682407,5682.3829657579,35,1133.2155555556,0.1432682407,24,1104.85125,0.1713383017,0.1120250748,2970.5050540469,10438.779809043,65265.0710800214,11,305.9916661975,2217.3309144743,0.0339742358
Ugashik,Bristol Bay,7,0,0,0,0,0,1253.7457405615,0.1364969949,0,0,0.2334826601,0,0,1197.9276812786,7642.8092846273,7,279.6953416083,2026.777837741,0.2651875459
Unalakleet,Bering Straits,225,13,1673.5384615385,0.1482466211,3225.2534894569,13,1673.5384615385,0.1482466211,1,400,0.3261277145,0.261575,104.63,55678.2285875648,370106.728895397,211,17072.2461471728,123711.928602701,0.3342601443
Unalaska,Aleutians,927,79,1380.1582278481,0.1117601008,12185.4831878091,79,1380.1582278481,0.1117601008,27,1309.3333333333,0.3307468382,0.0720518721,2547.1777816221,141369.138149068,886976.218471506,821,41884.6144294711,303511.698764284,0.3421869634
Upper Kalskag,Lower Yukon-Kuskokwim,60,44,1048.8636363636,0.1884335018,8696.2061099584,44,1048.8636363636,0.1884335018,41,1049.8780487805,0.2204233953,0.1366598286,5882.5223241483,9637.7022352667,60942.7698207729,0,0,0,0
Valdez,Copper River/Chugach,1573,451,1927.4156984479,0.1273682586,110716.703083124,451,1927.4156984479,0.1273682586,166,1803.1689156627,0.2772572283,0.1069837767,32023.0302127872,377429.684842401,2501783.36842319,956,65069.4854793688,471518.010720064,0.1884727577
Venetie,Yukon-Koyukuk/Upper Tanana,61,43,843.6744186047,0.4002830472,14521.4683860111,43,843.6744186047,0.4002830472,35,813.8285714286,0.5406780658,0.1486423986,4233.9300807282,13014.3528257581,85262.9914910007,0,0,0,0
Wainwright,North Slope,147,34,1042.6720588235,0.1742434971,6177.0800806928,34,1042.6720588235,0.1742434971,19,967.02,0.1676750803,0.1625048388,2985.7631549885,26240.6528705376,168355.31065607,94,2863.523102085,20750.1674064132,0.1232522296
Wales,Bering Straits,43,4,1168,0.0594210681,277.6152300469,4,1243.088742515,0.1509469955,0,0,0.3261277145,0,0,7595.5951537077,48665.3272007804,39,2386.5960676056,17294.1744029391,0.3553695289
Ward Cove,Southeast,0,20,1486.25,0.1855136576,5514.3934711079,20,1486.25,0.1855136576,12,1414.3333333333,0.4160627339,0.1102406816,1871.0048473822,-1437.6312352825,-10417.6176469749,0,0,0,0
Whale Pass,Southeast,20,2,1333.5,0.1283382723,342.2781721444,2,1711.7903707981,0.1227746387,1,1536,0.2806617236,0.0538020833,82.64,3997.7137265845,26003.7226564092,17,1002.7469584713,7266.282307763,0.2794323876
White Mountain,Bering Straits,65,5,1171.8,0.0740666064,433.9562471545,5,1243.088742515,0.1509469955,0,0,0.3261277145,0,0,11692.3868989402,75090.4847749293,60,3671.6862578548,26606.4221583678,0.3543248154
Willow,Railbelt,893,82,1182.9628048781,0.2344142648,22738.8752090582,82,1182.9628048781,0.2344142648,70,1224.0992857143,0.3015513661,0.13421632,11500.5871048709,239721.249264077,1604713.54539186,741,61963.3135636095,449009.51857688,0.2798066483
Wiseman,Yukon-Koyukuk/Upper Tanana,5,0,0,0,0,0,1121.8146232877,0.2465402206,0,0,0.3264046098,0,0,1382.8621236908,9279.4356789185,5,451.3725718948,3270.815738368,0.352480027
Womens Bay,Kodiak,283,0,0,0,0,0,1817.0217554859,0.1060456189,0,0,0.2585839941,0,0,54530.476645685,353190.555403514,283,14100.7084506961,102179.046744174,0.2893028853
Wrangell,Southeast,1053,279,1871.0928315412,0.1435505458,74938.3948074597,279,1871.0928315412,0.1435505458,166,1790.034939759,0.3270492039,0.0991058782,29448.8954479867,267693.899728333,1783692.17194445,608,53409.2966241433,387023.888580749,0.2169790812
Yakutat,Southeast,270,41,1302.3678048781,0.1263832435,6748.4961654313,41,1302.3678048781,0.1263832435,28,1330.9807142857,0.2439490329,0.0972407442,3623.9155438403,43456.50266663,274871.758453841,201,8070.8319937977,58484.2898101285,0.2127693661
