#,,,BEES,,,,Pre-Retrofit,,,Post-Retrofit,,,,,Consumption,,Opportunity,,,
#,,,,SF,MMBtu/sf,MMBtu,,SF,MMBtu/sf,,SF,,MMBtu,MMBtu,MMBtu,,,,Gallons,
community,energy_region,total_occupied,BEES_number,BEES_avg_area,BEES_avg_EUI,BEES_total_consumption,pre_number,pre_avg_area,pre_avg_EUI,post_number,post_avg_area,post_avg_EUI_reduction,post_avg_EUI,post_total_consumption,consumption_heating_electricity_consumption,consumption_gallons_HF,opportunity_non-Wx_HERP_BEES,opportunity_potential_reduction,opportunity_savings,opportunity_total_percent_community_savings
Adak,Aleutians,44,1,2400,0.0275166667,66.04,9,2103.9722222222,0.1203594636,0,0,0.3206591027,0,0,10955.0576242502,72860.9972771753,43,3491.6626206715,25301.9030483445,0.3472626507
Akhiok,Kodiak,19,0,0,0,0,0,1817.0217554859,0.1060456189,0,0,0.2585839941,0,0,3661.0567359294,23712.4401154303,19,946.6906733683,6860.0773432485,0.2893028853
Akiachak,Lower Yukon-Kuskokwim,150,0,0,0,0,55,770.8727272727,0.1767816779,31,714.5161290323,0.3872825362,0.1154782003,2557.8421368477,18774.7068665799,113809.470047681,119,6280.5085011499,45510.9311677527,0.3998870318
Akiak,Lower Yukon-Kuskokwim,90,0,0,0,0,0,1045.957275886,0.1666381457,0,0,0.3336983204,0,0,15686.6742832011,100328.07451595,90,5234.6168604905,37932.006235438,0.3780796793
Akutan,Aleutians,40,0,0,0,0,23,940.9891304348,0.0975546335,7,863.8214285714,0.3206591027,0.0647431551,391.4856728794,3420.8147140493,18858.0776380381,33,971.3819321232,7038.999508139,0.3732617737
Alakanuk,Lower Yukon-Kuskokwim,160,0,0,0,0,63,748.873015873,0.2210334547,48,766.0208333333,0.4649618407,0.1077175922,3960.6681489807,22499.5790096256,139318.688475548,112,8619.8861174493,62462.9428800671,0.4483457572
Alatna,Yukon-Koyukuk/Upper Tanana,12,3,1285.3333333333,0.0590064077,227.5287081618,0,1121.8146232877,0.2465402206,0,0,0.3264046098,0,0,2716.6805308051,17906.960368153,9,812.4706294106,5887.4683290624,0.3287809996
Alcan Border,Yukon-Koyukuk/Upper Tanana,16,0,0,0,0,0,1121.8146232877,0.2465402206,0,0,0.3264046098,0,0,4425.1587958104,29694.1941725393,16,1444.3922300633,10466.6103627775,0.352480027
Aleknagik,Bristol Bay,71,0,0,0,0,40,1036.68075,0.1328891737,29,922.0079310345,0.2473780829,0.0966728289,2584.8603341057,8370.9335595267,50132.4170980193,42,1431.3477018591,10372.0847960803,0.2068937705
Aleneva,Kodiak,9,0,0,0,0,0,1817.0217554859,0.1060456189,0,0,0.2585839941,0,0,1734.1847696508,11232.2084757301,9,448.4324242271,3249.5103204861,0.2893028853
Allakaket,Yukon-Koyukuk/Upper Tanana,44,5,1405.6,0.061968416,435.5140276788,4,1121.8146232877,0.2465402206,0,0,0.3264046098,0,0,11221.8385924667,74794.1926990341,39,3520.7060607793,25512.3627592702,0.3411008507
Ambler,Northwest Arctic,75,1,1520,0.0702960526,106.85,0,1150.5043326039,0.2081087086,0,0,0.3314395025,0,0,17824.667845617,118044.694533456,74,5872.3847329774,42553.5125578068,0.3604864473
Anaktuvuk Pass,North Slope,99,13,1470.7692307692,0.1283491941,2454.036592016,28,1196.395,0.1463730339,16,1213.06625,0.1742468504,0.1354885135,2629.7046884638,17342.1388892968,110989.84702389,70,2135.987174825,15478.1679335141,0.1394557101
Anderson,Railbelt,90,4,1722,0.1087746889,749.2400568182,13,1747.5136673929,0.1810622083,8,1707.5,0.2301575703,0.1323814928,1808.3311922934,27237.448571911,184029.337477616,78,5680.2605999913,41161.3086955889,0.2236671025
Angoon,Southeast,167,0,0,0,0,98,1295.5714285714,0.1142968928,70,1266.6714285714,0.1519561665,0.0924084198,8193.5773563057,22557.3168574512,138699.252590226,97,2182.6587914857,15816.3680542439,0.1140335493
Aniak,Lower Yukon-Kuskokwim,166,5,1776.4,0.095113232,844.7957267374,33,1247.1481818182,0.1673965856,8,930.73625,0.3336983204,0.1169929857,871.1169025714,33657.4697812496,219283.404211954,153,10658.8439715948,77237.9997941651,0.3522291168
Anvik,Yukon-Koyukuk/Upper Tanana,33,2,1312,0.0575190549,150.93,3,1121.8146232877,0.2465402206,1,760.75,0.3264046098,0.1240726527,94.3882705179,8542.4910126624,57009.5000917564,30,2708.2354313687,19624.8944302078,0.3442390198
Arctic Village,Yukon-Koyukuk/Upper Tanana,65,0,0,0,0,2,1121.8146232877,0.2465402206,2,420,0.3264046098,0.4831068182,405.8097272727,17829.8724857763,119565.018012871,63,5687.2944058742,41212.2783034364,0.3446850842
Atka,Aleutians,24,3,982,0.0708875792,208.8348082452,28,976.2142857143,0.0842857928,6,976.3333333333,0.3206591027,0.0612315836,358.694616639,1801.7443501886,9497.8576100619,15,395.7622504865,2867.8423948295,0.3019462401
Atmautluak,Lower Yukon-Kuskokwim,63,0,0,0,0,1,1045.957275886,0.1666381457,1,768,0.3336983204,0.0677604167,52.04,10858.4156173163,69343.7363573645,62,3606.0693927823,26130.9376288573,0.3768319823
Atqasuk,North Slope,64,6,1115.0833333333,0.0869154138,581.5075757961,7,1211.1853684211,0.1545351194,7,1339.0557142857,0.2483414893,0.1552721218,1455.4261539789,11582.6381818819,74443.4650861005,51,2370.5944598901,17178.2207238409,0.2307552544
Auke Bay,Southeast,0,0,0,0,0,12,#DIV/0!,0.1397614343,6,1728.4483333333,0.2806617236,0.1001824188,1038.9608090012,#DIV/0!,#DIV/0!,0,#DIV/0!,#DIV/0!,#DIV/0!
Barrow,North Slope,1280,46,1392.3091304348,0.1080508138,6920.2461940826,34,1211.1853684211,0.2549015172,14,1462.4215384615,0.316872205,0.1762285124,3608.0852109411,387182.576820562,2615896.93348233,1220,119351.261282504,864864.212192059,0.3306186116
Beaver,Yukon-Koyukuk/Upper Tanana,36,1,1233,0.0758150852,93.48,24,646.1666666667,0.2716899053,24,646.1666666667,0.3074907034,0.1465943211,2273.3847318419,4297.9912967771,25807.4731650512,11,593.803465813,4302.9236653116,0.1667316919
Bethel,Lower Yukon-Kuskokwim,1896,155,1575.2166451613,0.0799457405,19519.4384698612,189,1045.957275886,0.1251032606,54,1317.6264814815,0.1864322937,0.1043454483,7424.3695976689,247692.255072183,1513768.80487089,1687,41154.6393144895,298222.02401804,0.1970063216
Bettles,Yukon-Koyukuk/Upper Tanana,9,0,0,0,0,0,1121.8146232877,0.2465402206,0,0,0.3264046098,0,0,2489.1518226434,16702.9842220533,9,812.4706294106,5887.4683290624,0.352480027
Big Delta,Railbelt,206,0,0,0,0,0,1747.5136673929,0.1539357067,0,0,0.2301575703,0,0,55414.9787946021,371016.078221754,206,12754.1768777571,92421.5715779498,0.2491039526
Birch Creek,Yukon-Koyukuk/Upper Tanana,17,0,0,0,0,1,1121.8146232877,0.2465402206,1,1155,0.3264046098,0.1020865801,117.91,4543.0687958104,30400.3535928291,16,1444.3922300633,10466.6103627775,0.3442923889
Brevig Mission,Bering Straits,93,0,0,0,0,0,1243.088742515,0.1509469955,0,0,0.3261277145,0,0,17450.5675102679,112665.126886,93,5691.1136996749,41239.9543454701,0.3660401003
Buckland,Northwest Arctic,98,0,0,0,0,37,1021.1621621622,0.1959755278,11,999.2727272727,0.0915825145,0.127345029,1399.7765587485,18810.4596144845,121778.113148439,87,1594.5141338351,11554.450245182,0.0948811732
Cantwell,Railbelt,104,0,0,0,0,16,1170.703125,0.1701188629,7,1359.5714285714,0.2301575703,0.134266465,1277.8139475059,20596.2063313136,133828.741531258,97,4446.2742532169,32219.3786464991,0.2407508154
Central,Yukon-Koyukuk/Upper Tanana,53,0,0,0,0,6,1121.8146232877,0.2465402206,5,1205.8,0.3264046098,0.1818587085,1096.4261533778,14371.902540809,96286.3952232536,48,4333.1766901899,31399.8310883325,0.3261086991
Chalkyitsik,Yukon-Koyukuk/Upper Tanana,24,0,0,0,0,18,671.3888888889,0.5397700062,18,671.3888888889,0.5361701372,0.2077199685,2510.2958189207,4684.669327422,30388.6183146525,6,1165.8341424026,8448.0734956707,0.2780012374
Chase,Railbelt,18,0,0,0,0,0,1747.5136673929,0.1539357067,0,0,0.2301575703,0,0,4842.0855257419,32418.8806213183,18,1114.442639804,8075.6713029277,0.2491039526
Chefornak,Lower Yukon-Kuskokwim,92,0,0,0,0,0,1045.957275886,0.1666381457,0,0,0.3336983204,0,0,16035.26704505,102557.587282971,92,5350.9416796125,38774.9397073366,0.3780796793
Chenega Bay,Copper River/Chugach,31,0,0,0,0,0,1845.1516180905,0.1543141463,0,0,0.2999368524,0,0,8826.7228990769,59365.6731817164,31,2647.4594832474,19184.4890090388,0.323157946
Chevak,Lower Yukon-Kuskokwim,209,0,0,0,0,2,1045.957275886,0.1666381457,2,380,0.3336983204,0.5482895833,416.7000833333,36496.0509346958,233477.61546881,207,12039.618779128,87243.6143415074,0.3736701446
Chickaloon,Railbelt,123,0,0,0,0,2,1747.5136673929,0.1539357067,2,3149,0.2301575703,0.115576675,727.9018994161,33277.476822459,222905.049438109,121,7491.5310786826,54286.4570919026,0.2435407239
Chicken,Yukon-Koyukuk/Upper Tanana,5,0,0,0,0,0,1121.8146232877,0.2465402206,0,0,0.3264046098,0,0,1382.8621236908,9279.4356789185,5,451.3725718948,3270.815738368,0.352480027
Chignik,Bristol Bay,41,4,1375.5,0.0592144166,325.7977203133,1,1253.7457405615,0.1364969949,1,2200,0.2334826601,0.0830454545,182.7,6669.268652603,42249.3380623408,36,1438.4331854139,10423.4288798106,0.2467122411
Chignik Lagoon,Bristol Bay,29,0,0,0,0,0,1253.7457405615,0.1364969949,0,0,0.2334826601,0,0,4962.8432510112,31663.0670363131,29,1158.7378438056,8396.6510420697,0.2651875459
Chignik Lake,Bristol Bay,27,0,0,0,0,3,1253.7457405615,0.1364969949,1,2864,0.2334826601,0.025974162,74.39,4523.8356733204,28778.3744443507,26,1038.8684116878,7528.0319687521,0.2615864208
Chiniak,Kodiak,20,0,0,0,0,0,1817.0217554859,0.1060456189,0,0,0.2585839941,0,0,3853.7439325573,24960.4632794003,20,996.5164982824,7221.1340455247,0.2893028853
Chistochina,Copper River/Chugach,36,2,1247,0.1188652767,296.45,14,1471.6842857143,0.172757897,8,1350.0725,0.2999368524,0.1175001644,1269.0699260428,8175.8920643632,53908.2033649509,26,1982.6942122791,14367.3493643409,0.2665150843
Chitina,Copper River/Chugach,52,1,1664,0.0712079327,118.49,1,1845.1516180905,0.1543141463,1,530,0.2999368524,0.1487713106,78.8487946429,14433.9886318636,96884.5553033595,50,4270.0959407216,30942.7242081271,0.3193772641
Chuathbaluk,Lower Yukon-Kuskokwim,36,0,0,0,0,1,1045.957275886,0.1666381457,0,0,0.3336983204,0,0,6274.6697132804,40131.2298063799,36,2093.8467441962,15172.8024941752,0.3780796793
Circle,Yukon-Koyukuk/Upper Tanana,40,1,1312,0.0694207317,91.08,7,953.4285714286,0.2465402206,4,819.5,0.3264046098,0.1204194766,394.7350444152,8712.862207042,57206.2478771161,35,2685.346118949,19459.0298474564,0.3401556748
Clark's Point,Bristol Bay,24,0,0,0,0,0,1253.7457405615,0.1364969949,0,0,0.2334826601,0,0,4107.1806215265,26203.9175472936,24,958.9554569426,6948.9525865404,0.2651875459
Clear,Railbelt,0,0,0,0,0,3,#DIV/0!,0.1539357067,1,2808,0.2301575703,0.0856054131,240.38,#DIV/0!,#DIV/0!,0,#DIV/0!,#DIV/0!,#DIV/0!
Coffman Cove,Southeast,89,2,2108.875,0.0482096583,203.3362863646,6,1711.7903707981,0.1227746387,4,1648,0.2806617236,0.0786173714,518.2457121949,18165.2308820022,118436.890449292,83,4895.7645619481,35476.554796725,0.2995397351
Cold Bay,Aleutians,46,0,0,0,0,0,1280.005261708,0.1203594636,0,0,0.3206591027,0,0,7086.7943458773,44533.5822165024,46,2272.4451159652,16466.9935939507,0.3697657537
Coldfoot,Yukon-Koyukuk/Upper Tanana,6,0,0,0,0,3,2538.6666666667,0.2465402206,0,0,0.3264046098,0,0,3755.3006407292,26322.7582661532,6,1225.7474403306,8882.2278284823,0.3374352999
Cooper Landing,Railbelt,161,10,3060.8,0.0599426228,1834.723798586,5,1747.5136673929,0.1539357067,3,2229.3333333333,0.2301575703,0.0909199152,608.0723926725,42255.4994029144,282329.271035612,148,9163.1950383886,66399.964046294,0.2351862554
Copper Center,Copper River/Chugach,123,7,2188,0.0880353137,1348.3488649154,78,1870.0167105263,0.2286417954,38,1823.3689473684,0.3562149108,0.1442522708,9994.9542208485,44693.2933761623,305628.357798277,78,11879.7638151368,86085.2450372232,0.2816664188
Cordova,Copper River/Chugach,922,30,1938,0.0920982486,5354.5921719881,222,1874.3261711712,0.1358979423,86,1794.8052325581,0.3035178251,0.0998233076,15408.0519551104,226064.602451328,1501452.77138643,806,62312.8038758188,451542.057071151,0.3007367702
Covenant Life,Southeast,35,0,0,0,0,0,1711.7903707981,0.1227746387,0,0,0.2806617236,0,0,7355.755553259,48113.4460381085,35,2064.4790321468,14959.9929865708,0.3109316463
Craig,Southeast,470,34,2228.3529411765,0.0537511315,4072.4007288746,135,1105.8777777778,0.1793364362,124,1102.0040322581,0.2993452465,0.1064149698,14541.4459975677,80490.9907532592,513585.440241008,312,18522.6289304398,134221.948771303,0.2613429787
Crooked Creek,Lower Yukon-Kuskokwim,38,0,0,0,0,3,1045.957275886,0.1666381457,3,594.6666666667,0.3336983204,0.1036206502,184.8592399267,6285.2325722827,39911.2505237878,35,2035.6843346352,14751.3357582259,0.3696034468
Crown Point,Railbelt,26,0,0,0,0,0,1747.5136673929,0.1539357067,0,0,0.2301575703,0,0,6994.1235371828,46827.2720085709,26,1609.7504797169,11664.8585486733,0.2491039526
Deering,Northwest Arctic,44,0,0,0,0,27,948.0740740741,0.1810855484,27,948.0740740741,0.4408047192,0.0966222738,2473.336964582,5391.9396956861,32548.5485194641,17,1286.5338573437,9322.7091111859,0.2864247266
Delta Junction,Railbelt,377,117,2115.7692307692,0.0894579784,22144.8752748113,266,1930.7388345865,0.1920534361,152,1761.145,0.2055410928,0.1377933138,36886.4488594368,99078.2670924284,662064.109365423,108,8231.2924174987,59647.0465036139,0.090092554
Deltana,Railbelt,784,0,0,0,0,0,1747.5136673929,0.1539357067,0,0,0.2301575703,0,0,210899.725121204,1412022.35595075,784,48540.1683114638,351740.350083071,0.2491039526
Dillingham,Bristol Bay,855,21,2616,0.0824733783,4530.7575113205,240,1569.4625416667,0.1322978493,78,1461.95,0.232544151,0.1009148571,11507.5330801676,173011.498783135,1126943.46944301,756,36503.201422251,264515.952335152,0.2347198058
Diomede,Bering Straits,38,0,0,0,0,0,1243.088742515,0.1509469955,0,0,0.3261277145,0,0,7130.3394127977,46035.2131362149,38,2325.4012966414,16850.7340336329,0.3660401003
Dot Lake,Yukon-Koyukuk/Upper Tanana,7,0,0,0,0,1,1121.8146232877,0.2465402206,0,0,0.3264046098,0,0,1936.0069731671,12991.2099504859,7,631.9216006527,4579.1420337152,0.352480027
Dot Lake Village,Yukon-Koyukuk/Upper Tanana,19,0,0,0,0,0,1121.8146232877,0.2465402206,0,0,0.3264046098,0,0,5254.8760700249,35261.8555798904,19,1715.2157732002,12429.0998057983,0.352480027
Douglas,Southeast,0,34,1573.6176470588,0.0811537995,4341.9717351373,150,#DIV/0!,0.1205917085,73,1982.298630137,0.2846455715,0.0843070455,12199.8870760204,#DIV/0!,#DIV/0!,0,#DIV/0!,#DIV/0!,#DIV/0!
Dry Creek,Yukon-Koyukuk/Upper Tanana,29,0,0,0,0,0,1121.8146232877,0.2465402206,0,0,0.3264046098,0,0,8020.6003174064,53820.7269377274,29,2617.9609169897,18970.7312825342,0.352480027
Eagle,Yukon-Koyukuk/Upper Tanana,41,1,712,0.1524859551,108.57,1,1121.8146232877,0.2465402206,1,576,0.3264046098,0.1616145833,93.09,10987.9845647879,73544.3809042601,39,3520.7060607793,25512.3627592702,0.346897512
Eagle Village,Yukon-Koyukuk/Upper Tanana,31,0,0,0,0,0,1121.8146232877,0.2465402206,0,0,0.3264046098,0,0,8573.7451668827,57532.5012092948,31,2798.5099457476,20279.0575778814,0.352480027
Edna Bay,Southeast,18,0,0,0,0,0,1711.7903707981,0.1227746387,0,0,0.2806617236,0,0,3782.9599988189,24744.0579624558,18,1061.7320736755,7693.7106788078,0.3109316463
Eek,Lower Yukon-Kuskokwim,91,0,0,0,0,37,787.6618918919,0.1449418384,18,755.5555555556,0.3090104872,0.0882879764,1200.7164795775,9534.7733513689,55600.8213867308,73,2575.3109744091,18661.6737276019,0.3356366554
Egegik,Bristol Bay,29,1,975.2,0.0734208368,71.6,7,1004.4285714286,0.1364969949,0,0,0.2334826601,0,0,3910.4414832581,24036.967269986,28,896.3029211361,6494.9487038849,0.2702066626
Ekwok,Bristol Bay,37,6,1356,0.0676683874,550.55,0,1253.7457405615,0.1364969949,0,0,0.2334826601,0,0,5855.6583028051,36946.6543681528,31,1238.6507985508,8975.7304242814,0.2429375698
Elfin Cove,Southeast,13,0,0,0,0,0,1711.7903707981,0.1227746387,0,0,0.2806617236,0,0,2732.1377769248,17870.7085284403,13,766.8064976545,5556.5688235834,0.3109316463
Elim,Bering Straits,89,4,1068.5,0.0812552666,347.285009336,0,1243.088742515,0.1509469955,0,0,0.3261277145,0,0,16296.7284326992,104897.017628255,85,5201.5555319609,37692.4313910211,0.3593279603
Emmonak,Lower Yukon-Kuskokwim,185,1,1107,0.0709394761,78.53,39,768.641025641,0.2032564178,8,748,0.3336983204,0.1128020966,675.0077462852,28250.2327227716,177283.570454867,176,9175.6009293709,66489.8618070356,0.3750480749
Evansville,Yukon-Koyukuk/Upper Tanana,12,0,0,0,0,1,1121.8146232877,0.2465402206,1,672,0.3264046098,0.0871130952,58.54,3100.8366721197,20690.7005226063,11,993.0196581685,7195.7946244095,0.3477791685
Excursion Inlet,Southeast,6,0,0,0,0,0,1711.7903707981,0.1227746387,0,0,0.2806617236,0,0,1260.986666273,8248.0193208186,6,353.9106912252,2564.5702262693,0.3109316463
False Pass,Aleutians,15,0,0,0,0,4,1058,0.1203594636,4,1058,0.3206591027,0.1253144797,530.3308780256,1931.0743149038,11769.3790935056,11,449.1611335816,3254.7908230552,0.276547369
Fort Yukon,Yukon-Koyukuk/Upper Tanana,246,1,1844,0.089126898,164.35,15,1121.8146232877,0.2797318939,12,756.5833333333,0.2954736095,0.1909555635,1733.6855606035,75015.1432464665,507115.820626569,233,21604.1757212527,156551.997980092,0.3087105383
Gakona,Copper River/Chugach,86,6,1881.3333333333,0.0790459472,892.270652301,14,1541.515,0.1739324242,12,1547.4341666667,0.2832479882,0.1101728675,2045.823113103,21170.215741487,140656.92566295,68,5164.2118695395,37421.8251415904,0.266050356
Galena,Yukon-Koyukuk/Upper Tanana,190,7,1104.2857142857,0.0775936521,599.7989308111,17,1121.8146232877,0.2375639775,10,1507,0.4228442892,0.1051434411,1584.5116575928,48289.2852861758,321752.79192881,173,19495.225252951,141269.74820979,0.4390630066
Gambell,Bering Straits,164,0,0,0,0,0,1243.088742515,0.1509469955,0,0,0.3261277145,0,0,30773.0437815478,198678.288272085,164,10035.9424381363,72724.2205662053,0.3660401003
Game Creek,Southeast,7,0,0,0,0,0,1711.7903707981,0.1227746387,0,0,0.2806617236,0,0,1471.1511106518,9622.6892076217,7,412.8958064294,2991.9985973142,0.3109316463
Glacier View,Railbelt,99,0,0,0,0,0,1747.5136673929,0.1539357067,0,0,0.2301575703,0,0,26631.4703915806,178303.843417251,99,6129.4345189221,44416.1921661021,0.2491039526
Glennallen,Copper River/Chugach,203,13,2045.1538461539,0.1037318297,2757.9181570001,70,1823.756,0.1863973708,37,1507.5608108108,0.259752837,0.1316309651,7342.3423267804,62111.5889710526,419987.021529367,153,13510.0901306776,97899.2038454897,0.2331005456
Golovin,Bering Straits,49,4,1033,0.0787744308,325.4959482566,0,1243.088742515,0.1509469955,0,0,0.3261277145,0,0,8769.3189370959,56281.0067905502,45,2753.7646933911,19954.8166187759,0.3545568524
Goodnews Bay,Lower Yukon-Kuskokwim,76,4,1267,0.0690734018,350.0640005,47,762.9782608696,0.1909386024,40,743.75,0.4236835174,0.1116677915,3322.116796245,8334.0048851646,49123.5136606129,32,1975.1380272296,14312.5944002142,0.2913593376
Grayling,Yukon-Koyukuk/Upper Tanana,55,3,1107.3333333333,0.077840623,258.5865496466,0,1121.8146232877,0.2465402206,0,0,0.3264046098,0,0,14640.3526360304,97935.164029206,52,4694.2747477057,34016.4836790269,0.3473367714
Gulkana,Copper River/Chugach,36,0,0,0,0,7,842.9285714286,0.1543141463,6,752.4166666667,0.2999368524,0.1382720817,624.229312822,4526.5033996431,27463.357968428,30,1170.4358067551,8481.4188895299,0.3088267247
Gustavus,Southeast,212,11,1794.6363636364,0.066079185,1304.4691911035,27,1711.7903707981,0.1565992805,15,1151.584,0.4121661526,0.0898519404,1552.0808532935,52716.6661615492,350573.522909777,186,20550.6522262096,148917.769755142,0.4247832766
Haines,Southeast,782,30,2279.9,0.0758127359,5185.3636981342,231,1731.2233333333,0.1841035987,147,1616.3775510204,0.2933347203,0.1271016135,30200.2966198073,228213.950064919,1537784.27583275,605,56563.2324418238,409878.495955245,0.2665383581
Halibut Cove,Railbelt,34,1,1945,0.052966581,103.02,1,1747.5136673929,0.1539357067,1,2529,0.2301575703,0.0822775801,208.08,8919.2520457634,59591.3916359669,32,1981.2313596516,14356.7489829825,0.2409198475
Healy,Railbelt,434,25,1729.64,0.090159773,3898.5987449302,67,1795.9365671642,0.1606922197,31,1312.7419354839,0.1782755223,0.1643670436,6688.9168404564,119675.682197031,802869.870992976,378,19447.7498759451,140925.723738733,0.1755274782
Healy Lake,Yukon-Koyukuk/Upper Tanana,7,0,0,0,0,1,1121.8146232877,0.2465402206,1,672,0.3264046098,0.5954315476,400.13,2059.5645484289,13886.5546987602,6,541.6470862737,3924.9788860416,0.2826459818
Hobart Bay,Southeast,1,0,0,0,0,0,1711.7903707981,0.1227746387,0,0,0.2806617236,0,0,210.1644443788,1374.6698868031,1,58.9851152042,427.4283710449,0.3109316463
Hollis,Southeast,44,4,1174.25,0.1315930994,618.0927878617,9,812.6666666667,0.1227746387,9,894.3333333333,0.2806617236,0.1388733937,1117.7919462359,4828.9052830757,28468.5890077945,31,868.0924784858,6290.5252064187,0.2209637156
Holy Cross,Yukon-Koyukuk/Upper Tanana,64,2,1053,0.0736324786,155.07,5,1121.8146232877,0.2465402206,0,0,0.3264046098,0,0,17302.5603337654,115892.176331633,62,5597.0198914953,40558.1151557628,0.3499642205
Hoonah,Southeast,305,2,2421.5,0.0552852525,267.746477935,76,1330.0657894737,0.1702831183,53,1294.8113207547,0.3413035794,0.1089581928,7477.2559807567,64366.9399860479,421207.536130782,250,19325.2699502581,140038.188045348,0.3324683821
Hooper Bay,Lower Yukon-Kuskokwim,256,8,7177.6875,0.0751182551,4313.4028836773,96,738.4583333333,0.1504484036,37,796,0.2652378437,0.1018632772,3000.0772399431,30755.5542450643,184911.552500466,211,6217.7251911446,45055.9796459757,0.2436623296
Hope,Railbelt,97,0,0,0,0,4,1747.5136673929,0.1539357067,3,1018.0833333333,0.2301575703,0.1907122058,582.4827545932,25868.9293890233,173074.70571756,94,5819.8671189765,42172.9501375111,0.2436690559
Houston,Railbelt,731,0,0,0,0,27,1747.5136673929,0.1455498795,20,1495.8,0.1703902608,0.1177049511,3521.2613182723,184364.398319757,1227595.20521563,711,30813.9092833257,223289.197705259,0.1818915525
Hughes,Yukon-Koyukuk/Upper Tanana,31,5,997.8,0.0921170638,459.5720315166,25,778.76,0.1864647014,19,736.4736842105,0.1911741181,0.1459940588,2042.8948644908,3518.9456518061,20903.5192159864,7,194.3244296607,1408.1480410194,0.0673641613
Huslia,Yukon-Koyukuk/Upper Tanana,91,7,1389,0.0739908165,719.4127085115,22,886.6363636364,0.165694416,18,887.4444444444,0.1278800212,0.1230969451,1966.3506005167,12381.8691463082,76231.9503355667,66,1239.9382201829,8985.0595665429,0.1178647474
Hydaburg,Southeast,128,0,0,0,0,59,1170.5423728814,0.1189296342,40,1174.425,0.2630062538,0.076511463,3594.2789972159,15844.9505023082,95841.0905964359,88,3222.00321905,23347.8494134056,0.2436100139
Hyder,Southeast,48,0,0,0,0,0,1711.7903707981,0.1227746387,0,0,0.2806617236,0,0,10087.8933301837,65984.1545665489,48,2831.2855298013,20516.5618101542,0.3109316463
Igiugig,Bristol Bay,16,3,1493.3333333333,0.0890453052,398.9229672565,18,1166,0.0927187902,0,0,0.2334826601,0,0,1804.3543894604,10702.8578946407,13,328.143867016,2377.8541088119,0.2221700159
Iliamna,Bristol Bay,39,0,0,0,0,25,1296.84,0.1643300459,18,1130.3888888889,0.3234954473,0.1229332444,2501.3227229533,6976.6280345068,44773.1016993249,21,1447.7408936703,10490.8760410887,0.2343120231
Ivanof Bay,Bristol Bay,2,0,0,0,0,0,1253.7457405615,0.1364969949,0,0,0.2334826601,0,0,342.2650517939,2183.6597956078,2,79.9129547452,579.0793822117,0.2651875459
Juneau,Southeast,12187,692,1949.9012879884,0.0762158324,102840.438051657,2858,1728.0521536303,0.1305350522,1447,1698.8304781705,0.2755492127,0.0907047565,222971.131092044,2592352.77676853,16978309.831656,10048,624543.645210472,4525678.58848168,0.2665564849
Kake,Southeast,213,2,2315,0.0692091733,320.4384724575,67,1122.3880597015,0.1987597714,63,1104.8888888889,0.3860939641,0.0983423597,6845.414974442,40182.5213897067,259598.126012367,148,12747.5362067492,92373.4507735446,0.3558325023
Kaktovik,North Slope,72,9,914.8888888889,0.0847277344,697.6481652422,24,1265.71125,0.1865551677,14,1277.9335714286,0.2741017256,0.1258722931,2251.9900071549,14519.7619239989,94540.8835072383,49,3171.390886063,22981.0933772678,0.2430810092
Kaltag,Yukon-Koyukuk/Upper Tanana,70,6,1264,0.0693688469,526.0933346037,7,1121.8146232877,0.2465402206,1,480,0.3264046098,0.319875,153.54,18103.6960931072,120807.942703675,63,5687.2944058742,41212.2783034364,0.3411388141
Karluk,Kodiak,12,0,0,0,0,2,1120,0.1060456189,2,1120,0.2585839941,0.0759818561,170.1993576838,1357.9102894415,8060.7991988512,10,307.1230365588,2225.5292504258,0.2760928781
Kasaan,Southeast,23,0,0,0,0,7,1085.7142857143,0.1227746387,1,1200,0.2806617236,0.056625,67.95,3000.509942552,18332.8256706665,22,823.0573281122,5964.1835370452,0.3253281106
Kasigluk,Lower Yukon-Kuskokwim,113,0,0,0,0,0,1045.957275886,0.1666381457,0,0,0.3336983204,0,0,19695.4910444636,125967.471336693,113,6572.3522803936,47625.7411622722,0.3780796793
Kenny Lake,Copper River/Chugach,145,2,1830.28,0.06453275,236.2260033448,29,1404.1820689655,0.2757675356,22,1236.5127272727,0.3892231023,0.1512593733,4114.7510840093,51205.5443519552,349556.84313011,121,18236.8800284363,132151.304553886,0.3780538334
Ketchikan,Southeast,3259,264,2043.6121673004,0.0777011002,41920.8012233776,1043,1719.1930134357,0.1259814192,677,1615.777056213,0.2858120188,0.0859334679,94000.9935164239,637969.013571539,4139781.69254738,2318,143491.129169145,1039790.79108076,0.2511704404
Kiana,Northwest Arctic,101,6,1213.1666666667,0.0744240876,541.7329339628,29,855.2068965517,0.2118587228,24,836.0416666667,0.3357608357,0.1273261006,2554.7982077228,15960.5270388998,100681.645209419,71,4319.2260129831,31298.7392245151,0.3108683729
King Cove,Aleutians,181,4,3221.5,0.0601709413,775.3627489561,64,1311.088125,0.1325858597,27,1220.3403703704,0.3053590556,0.079309815,2613.1941645351,29463.3188426161,186667.093062436,150,7962.1646789685,57696.8454997718,0.3090895377
King Salmon,Bristol Bay,157,4,2071.25,0.1042575112,863.7734800865,31,1563.2548387097,0.1558418612,20,1447.445,0.2438676032,0.1191424333,3449.0423859573,36714.3481558029,242769.044607267,133,7901.6840185394,57258.5798444881,0.2358561815
Kipnuk,Lower Yukon-Kuskokwim,153,0,0,0,0,21,1045.957275886,0.1023321972,17,991.0588235294,0.3238780372,0.0652413418,1099.1861268498,15655.960579615,90765.0766638766,136,4714.619537903,34163.909694949,0.3763992821
Kivalina,Northwest Arctic,85,0,0,0,0,50,752.16,0.198117531,38,732.9473684211,0.4027345504,0.1093479913,3045.5602530702,10049.3161134928,60218.9573441509,47,2820.6544673004,20439.5251253653,0.33942011
Klawock,Southeast,297,12,1918,0.0528079065,1215.4267749417,101,1108.432970297,0.145475502,87,1064.698045977,0.2619059812,0.1003594254,9296.1661197031,42439.0617731692,263495.954878038,198,8361.9950630723,60594.167123712,0.2299624188
Klukwan,Southeast,41,0,0,0,0,0,1711.7903707981,0.1227746387,0,0,0.2806617236,0,0,8616.742219532,56361.4653589271,41,2418.3897233719,17524.5632128401,0.3109316463
Kobuk,Northwest Arctic,36,0,0,0,0,20,963.125,0.2689704619,18,920.5833333333,0.3650221183,0.1293500284,2143.3946453121,6806.3338162287,43983.8682335411,18,1702.0759334393,12333.8835756469,0.2804183459
Kodiak,Kodiak,2039,435,1955.328943662,0.0744133237,63293.5986576167,610,1730.2135363458,0.1338725998,300,1652.39408,0.2599346795,0.0990088483,49080.4904191256,414417.241321815,2700719.57479576,1304,78511.4899801875,568923.840436141,0.2106563916
Kodiak Station,Kodiak,332,0,0,0,0,0,1817.0217554859,0.1060456189,0,0,0.2585839941,0,0,63972.1492804502,414343.690438045,332,16542.173871488,119870.82515571,0.2893028853
Kokhanok,Bristol Bay,52,4,1315.25,0.1039955162,547.1204107667,29,848.1048275862,0.1592606595,20,817.9,0.2814386399,0.1023181216,1673.7198336371,6002.7928014204,35788.9333436263,28,1064.3875838668,7712.9535062813,0.2155122488
Koliganek,Bristol Bay,55,3,956.3333333333,0.1907580494,547.2848437834,2,1253.7457405615,0.1364969949,0,0,0.2334826601,0,0,9446.1761904242,60296.2042784363,52,2077.7368233756,15056.0639375042,0.2497016872
Kongiganak,Lower Yukon-Kuskokwim,94,0,0,0,0,0,1045.957275886,0.1666381457,0,0,0.3336983204,0,0,16383.8598068989,104787.100049992,94,5467.2664987345,39617.8731792352,0.3780796793
Kotlik,Lower Yukon-Kuskokwim,128,0,0,0,0,39,890.4358974359,0.1670663644,33,861.696969697,0.2351395428,0.1269913994,3611.1274339779,17743.5068078271,109598.744984254,95,3323.0812246879,24080.2987296224,0.2197132707
Kotzebue,Northwest Arctic,954,30,1335.0666666667,0.1012210565,4054.105753922,162,1405.9254320988,0.1583292351,79,1301.9905063291,0.2501769646,0.1177476196,12111.1963476356,204261.540135834,1338715.21837561,845,47057.3458769155,340995.259977648,0.2547182965
Koyuk,Bering Straits,89,1,1040,0.0622788462,64.77,0,1243.088742515,0.1509469955,0,0,0.3261277145,0,0,16577.1349559525,106928.948956177,88,5385.1398448537,39022.7524989395,0.3649409527
Koyukuk,Yukon-Koyukuk/Upper Tanana,42,0,0,0,0,3,1121.8146232877,0.2465402206,0,0,0.3264046098,0,0,11616.0418390023,77947.2597029155,42,3791.5296039162,27474.8522022909,0.352480027
Kupreanof,Southeast,15,0,0,0,0,1,1711.7903707981,0.1227746387,0,0,0.2806617236,0,0,3152.4666656824,20620.0483020465,15,884.7767280629,6411.4255656732,0.3109316463
Kwethluk,Lower Yukon-Kuskokwim,172,13,1240.6153846154,0.0836749099,1349.5089469941,34,716,0.2603399933,26,681.0769230769,0.6393137246,0.0821754529,1455.1629207702,27596.3287526461,174472.527193088,133,15849.6465017906,114852.510882541,0.6582842166
Kwigillingok,Lower Yukon-Kuskokwim,82,0,0,0,0,30,1107.4666666667,0.1296972315,30,1107.4666666667,0.1259696465,0.1110912431,3690.8954595897,11159.9342128445,68711.6971945251,52,940.8721717221,6817.9142878409,0.0992249437
Lake Louise,Railbelt,25,0,0,0,0,0,1747.5136673929,0.1539357067,0,0,0.2301575703,0,0,6725.1187857527,45026.2230851644,25,1547.8369997278,11216.2101429551,0.2491039526
Lake Minchumina,Yukon-Koyukuk/Upper Tanana,6,0,0,0,0,0,1121.8146232877,0.2465402206,0,0,0.3264046098,0,0,1659.4345484289,11135.3228147022,6,541.6470862737,3924.9788860416,0.352480027
Larsen Bay,Kodiak,34,3,1114,0.0650448833,217.38,0,1817.0217554859,0.1060456189,0,0,0.2585839941,0,0,6190.6830954637,39819.1528656792,31,1544.6005723377,11192.7577705633,0.2810898014
Levelock,Bristol Bay,27,0,0,0,0,22,1010.1363636364,0.173673772,17,963.7647058824,0.3338895565,0.1175565022,1926.0457326013,3680.3876571928,22666.4322984984,10,585.7564472233,4244.6119364007,0.1872642276
Lime Village,Lower Yukon-Kuskokwim,11,0,0,0,0,1,1045.957275886,0.1666381457,1,968,0.3336983204,0.0473863636,45.87,1788.8338092446,11331.6942698881,10,581.6240956101,4214.6673594931,0.3719362047
Livengood,Yukon-Koyukuk/Upper Tanana,7,0,0,0,0,0,1121.8146232877,0.2465402206,0,0,0.3264046098,0,0,1936.0069731671,12991.2099504859,7,631.9216006527,4579.1420337152,0.352480027
Lower Kalskag,Lower Yukon-Kuskokwim,75,0,0,0,0,25,849.12,0.1935751536,20,880.2,0.4858616106,0.0913877678,1608.790264086,10649.0596581657,66047.5337548242,55,4392.319847895,31828.4046948913,0.4819014865
Lutak,Southeast,25,0,0,0,0,0,1711.7903707981,0.1227746387,0,0,0.2806617236,0,0,5254.1111094707,34366.7471700775,25,1474.6278801048,10685.709276122,0.3109316463
Manley Hot Springs,Yukon-Koyukuk/Upper Tanana,41,1,971,0.0941194645,91.39,6,1121.8146232877,0.2465402206,1,840,0.3264046098,0.1317098109,110.6362411185,10988.3508059064,73547.0348254089,39,3520.7060607793,25512.3627592702,0.3468849943
Manokotak,Bristol Bay,121,5,4496.8,0.0776482908,1745.8441700978,84,840.5946428571,0.1212691935,76,819.6307894737,0.1979650917,0.0937529529,5840.0533185975,11663.4268659205,66578.0207675395,40,807.2084770777,5849.3367904178,0.0878568741
Marshall,Lower Yukon-Kuskokwim,100,1,5610,0.0490409982,275.12,17,822.0588235294,0.2756493939,10,883,0.2442895854,0.1832966127,1618.5090898885,22061.0305560308,145036.453304571,89,4926.6861419768,35700.624217223,0.246149319
McCarthy,Copper River/Chugach,20,0,0,0,0,7,1599.6428571429,0.1543141463,2,1438.75,0.2999368524,0.1287121298,370.3691534628,4813.6245474646,31916.1199091639,18,1332.6960372315,9657.2176610976,0.3025811937
McGrath,Yukon-Koyukuk/Upper Tanana,147,1,1140,0.0851491228,97.07,20,1121.8146232877,0.1498254171,2,1152,0.3264046098,0.1354880435,312.1644521739,24612.2279632633,156555.130168575,144,7899.9686530543,57246.1496598138,0.3656612824
McKinley Park,Railbelt,109,0,0,0,0,0,1747.5136673929,0.1539357067,0,0,0.2301575703,0,0,29321.5179058817,196314.332651317,109,6748.5693188132,48902.6762232841,0.2491039526
Mekoryuk,Lower Yukon-Kuskokwim,70,0,0,0,0,0,1045.957275886,0.1666381457,0,0,0.3336983204,0,0,12200.7466647119,78032.9468457387,70,4071.3686692704,29502.6715164518,0.3780796793
Mendeltna,Copper River/Chugach,19,0,0,0,0,0,1845.1516180905,0.1543141463,0,0,0.2999368524,0,0,5409.9269381439,36385.4125952456,19,1622.6364574742,11758.2351990883,0.323157946
Mentasta Lake,Copper River/Chugach,46,1,1247,0.1399759423,174.55,12,1094.5,0.3283654375,10,1109.3,0.4933483723,0.1512789485,1678.1373754418,14431.5463713793,97756.4229810092,35,6205.7596115956,44969.272547794,0.4600134822
Metlakatla,Southeast,493,0,0,0,0,95,1084.9104210526,0.1056128078,87,1054.9548275862,0.1651663738,0.0867609102,7963.0091742162,54482.6660863493,321709.319466299,406,7683.4830441203,55677.4133631903,0.1730674556
Minto,Yukon-Koyukuk/Upper Tanana,65,1,1312,0.0715015244,93.81,14,970.2857142857,0.1847916837,12,949,0.2630084554,0.1162012852,1323.3002362065,10740.7482392374,68194.5524582423,52,2452.1956299823,17769.5335505962,0.2605711587
Moose Pass,Railbelt,93,2,1776.5,0.0755304118,268.3595530872,1,1747.5136673929,0.1539357067,1,1728,0.2301575703,0.116087963,200.6,24679.3871817968,165047.878128963,90,5572.2131990201,40378.3565146383,0.2446463231
Mosquito Lake,Southeast,138,0,0,0,0,0,1711.7903707981,0.1227746387,0,0,0.2806617236,0,0,29002.6933242783,189704.444378828,138,8139.9458981787,58985.1152041934,0.3109316463
Mountain Village,Lower Yukon-Kuskokwim,184,0,0,0,0,23,1045.957275886,0.2292737981,4,760,0.3336983204,0.1529949983,465.1047949735,43631.0123027222,288886.755816828,180,14404.3908325687,104379.643714266,0.3613168192
Mud Bay,Southeast,104,0,0,0,0,0,1711.7903707981,0.1227746387,0,0,0.2806617236,0,0,21857.1022153981,142965.668227522,104,6134.4519812361,44452.5505886675,0.3109316463
Naknek,Bristol Bay,231,11,1704.1818181818,0.1344637415,2520.6572973563,83,1481.2344578313,0.1621131472,55,1293.456,0.2802887204,0.1187707546,8449.3609833349,50591.0689427885,332353.687991221,165,11105.3335895431,80473.4318082836,0.2421319056
Nanwalek,Railbelt,55,11,1669,0.1000890664,1837.5351694282,3,1747.5136673929,0.1539357067,0,0,0.2301575703,0,0,13673.744232353,90930.7553069054,44,2724.1931195209,19740.5298516009,0.217094093
Napakiak,Lower Yukon-Kuskokwim,96,0,0,0,0,36,983.7777777778,0.1703740874,22,991.8181818182,0.2647663003,0.1297250231,2830.6000035055,15233.7578410777,96156.5060947658,74,3283.9382130314,23796.6537176191,0.2474783526
Napaskiak,Lower Yukon-Kuskokwim,94,0,0,0,0,14,1045.957275886,0.1327940994,6,1015.5,0.3336983204,0.0914669775,557.3082937027,12780.2402891202,78673.9151385523,88,4078.7718768636,29556.3179482872,0.3756812903
Naukati Bay,Southeast,49,1,1569,0.0396685787,62.24,7,1711.7903707981,0.1227746387,5,1122.4,0.2806617236,0.0997475108,559.7830307359,9659.0941390255,62728.6531813445,43,2536.3599537803,18379.4199549298,0.2929987976
Nelchina,Copper River/Chugach,30,0,0,0,0,0,1845.1516180905,0.1543141463,0,0,0.2999368524,0,0,8541.9899023325,57450.6514661772,30,2562.0575644329,18565.6345248763,0.323157946
Nelson Lagoon,Aleutians,22,0,0,0,0,8,1537.6425,0.1203594636,8,1537.6425,0.3206591027,0.0627899051,772.3874128038,3363.3649830014,21110.4708913142,14,830.8205427742,6020.4387157549,0.2851873247
Nenana,Railbelt,171,4,1406.5,0.1773443789,997.7394755597,78,1296.4038461539,0.2114564787,57,1212.2631578947,0.2182229718,0.1538638605,10631.8388979841,41784.2075239269,277431.503796572,110,6580.4327856973,47684.2955485311,0.1718777244
New Allakaket,Yukon-Koyukuk/Upper Tanana,18,0,0,0,0,0,1121.8146232877,0.2465402206,0,0,0.3264046098,0,0,4978.3036452867,33405.9684441067,18,1624.9412588212,11774.9366581247,0.352480027
New Stuyahok,Bristol Bay,114,54,825.4444444444,0.1916611378,8543.1035569765,66,903.5125757576,0.1248816006,65,908.7973846154,0.1346793004,0.09862167,5825.7625226729,13804.7055966498,83132.3593960128,0,0,0,0
Newhalen,Bristol Bay,50,4,1161,0.1073148148,498.37,26,1019.0769230769,0.148457557,20,1003,0.2339507376,0.1186610135,2380.3399304651,6812.2413609517,41951.0243547227,26,920.2525794645,6668.4969526413,0.1589590971
Newtok,Lower Yukon-Kuskokwim,70,0,0,0,0,0,1045.957275886,0.1666381457,0,0,0.3336983204,0,0,12200.7466647119,78032.9468457387,70,4071.3686692704,29502.6715164518,0.3780796793
Nightmute,Lower Yukon-Kuskokwim,59,0,0,0,0,34,812.3529411765,0.1447063012,28,808.2857142857,0.3521411668,0.0783118067,1772.3528100682,5416.483081041,30502.4860944999,31,1283.2482855861,9298.9006201894,0.3048571382
Nikolaevsk,Railbelt,107,0,0,0,0,0,1747.5136673929,0.1539357067,0,0,0.2301575703,0,0,28783.5084030215,192712.234804503,107,6624.742358835,48005.3794118477,0.2491039526
Nikolai,Yukon-Koyukuk/Upper Tanana,37,1,1184,0.08625,102.12,1,1121.8146232877,0.2465402206,1,1040,0.3264046098,0.055125,57.33,9839.4848658353,65814.9627959079,35,3159.6080032635,22895.7101685758,0.3478800138
Nikolski,Aleutians,13,0,0,0,0,2,920,0.1203594636,2,920,0.3206591027,0.0739693384,136.1035826524,1354.1413538508,7885.2272018175,11,390.5748987666,2830.2528896132,0.3589310513
Noatak,Northwest Arctic,114,0,0,0,0,34,840.2941176471,0.2627886043,33,843.9393939394,0.4231850002,0.1136823641,3166.0538405102,21052.4510292845,135652.253835395,81,7569.2549984592,54849.673901878,0.4043403066
Nome,Bering Straits,1216,59,1486.8305084746,0.0865940174,7596.286992277,186,1251.0733333333,0.1505634259,97,1090.3282474227,0.2508962624,0.1081973658,11443.1524871633,218707.279873103,1404550.14400799,1060,50095.9148705437,363013.875873505,0.2584556183
Nondalton,Bristol Bay,57,1,1952,0.0943135246,184.1,37,971.2432432432,0.156832287,37,971.2432432432,0.3889755187,0.0929048623,3338.6291299056,6416.8528117138,38048.0638529985,19,1125.7432602229,8157.5598566877,0.2144014447
Noorvik,Northwest Arctic,153,0,0,0,0,0,1150.5043326039,0.2081087086,0,0,0.3314395025,0,0,36632.7855456675,242771.05467875,153,12141.5522181829,87982.2624506006,0.362408371
Northway,Yukon-Koyukuk/Upper Tanana,27,6,1410.6666666667,0.0782160791,662.0208936257,20,1185.2625,0.2576999516,16,1041.140625,0.2304220381,0.1579749413,2631.586065474,4820.8174033455,30930.4159662718,5,351.9029431092,2550.0213268786,0.0824438097
Northway Junction,Yukon-Koyukuk/Upper Tanana,20,0,0,0,0,0,1121.8146232877,0.2465402206,0,0,0.3264046098,0,0,5531.448494763,37117.7427156741,20,1805.4902875791,13083.2629534719,0.352480027
Northway Village,Yukon-Koyukuk/Upper Tanana,30,0,0,0,0,0,1121.8146232877,0.2465402206,0,0,0.3264046098,0,0,8297.1727421445,55676.6140735111,30,2708.2354313687,19624.8944302078,0.352480027
Nuiqsut,North Slope,114,14,1058.7628571429,0.0767888273,1138.216213942,8,1211.1853684211,0.1545351194,2,1137,0.2483414893,0.1362658953,309.8686460129,19790.8110620426,126509.935232193,98,4555.2599425338,33009.130018361,0.2609212467
Nulato,Yukon-Koyukuk/Upper Tanana,92,1,1184,0.0737668919,87.34,0,1121.8146232877,0.2465402206,0,0,0.3264046098,0,0,25255.4306511717,169370.367037476,91,8214.980808485,59528.8464382971,0.3514714379
Nunam Iqua,Lower Yukon-Kuskokwim,43,1,5418,0.0785086748,425.36,23,717.4782608696,0.2065995932,17,729.7058823529,0.4626589324,0.1053513697,1306.8837414237,5438.0116619822,33030.6642172625,25,1714.5066298617,12423.9610859545,0.3761341584
Nunapitchuk,Lower Yukon-Kuskokwim,124,0,0,0,0,25,972.64,0.1976052375,19,1043.3684210526,0.1555178227,0.1472993498,2920.0623096725,23100.9319234513,149013.709590227,105,3138.4849018362,22742.6442162043,0.1526211533
Old Harbor,Kodiak,84,0,0,0,0,4,1817.0217554859,0.1060456189,2,816,0.2585839941,0.0865169271,141.195625,15941.5457484847,103064.534409309,82,4085.7176429579,29606.6495866512,0.2872632158
Oscarville,Lower Yukon-Kuskokwim,15,0,0,0,0,11,951.0909090909,0.1410959241,10,926.3,0.306629302,0.0954884218,884.5092508234,1555.484504204,9047.71379858,5,205.7406735986,1490.8744463665,0.1647791342
Ouzinkie,Kodiak,56,6,1331.8333333333,0.0651587248,520.6833700748,0,1817.0217554859,0.1060456189,0,0,0.2585839941,0,0,10155.0432014679,65284.660880202,50,2491.291245706,18052.8351138117,0.2765249121
Paxson,Copper River/Chugach,22,0,0,0,0,1,1845.1516180905,0.1543141463,1,3060,0.2999368524,0.0597352941,182.79,6162.1829316327,41391.7603741501,21,1793.4402951031,12995.9441674134,0.3139741835
Pedro Bay,Bristol Bay,19,0,0,0,0,10,1077.9,0.1806006183,10,1077.9,0.3414013396,0.1098337071,1183.8975289037,2935.9221867497,18457.8419329687,9,598.1435651668,4334.3736606288,0.2348255921
Pelican,Southeast,41,0,0,0,0,3,1711.7903707981,0.1227746387,1,1920,0.2806617236,0.08634375,165.78,8572.3577751531,56039.8389503849,40,2359.4046081677,17097.1348417952,0.3050889361
Perryville,Bristol Bay,38,0,0,0,0,8,1087.5625,0.1364969949,0,0,0.2334826601,0,0,5641.0624926811,35243.3513962397,38,1317.0902764681,9544.1324381744,0.2708066078
Petersburg,Southeast,1252,102,2079.0196078431,0.0606880953,12869.5174977097,353,1724.5769230769,0.1258844864,249,1653.9223790323,0.3446923468,0.0772854567,31828.2124424312,240302.559683725,1555700.28756322,901,67423.4878046677,488575.998584549,0.3140553502
Pilot Point,Bristol Bay,27,0,0,0,0,6,1476.5,0.1364969949,0,0,0.2334826601,0,0,5441.5209483297,35428.2677415196,27,1270.5007858965,9206.5274340323,0.2598638889
Pilot Station,Lower Yukon-Kuskokwim,121,0,0,0,0,74,861.3963513514,0.2123113957,70,874.619,0.2748223602,0.1403145054,8590.5212688953,17917.6186101631,111898.250798283,51,2563.2949053431,18574.6007633557,0.1659954524
Pitkas Point,Lower Yukon-Kuskokwim,31,0,0,0,0,0,1045.957275886,0.1666381457,0,0,0.3336983204,0,0,5403.1878086582,34557.4478888271,31,1803.0346963912,13065.4688144287,0.3780796793
Platinum,Lower Yukon-Kuskokwim,19,0,0,0,0,7,873.1428571429,0.1666381457,6,868.6666666667,0.3336983204,0.1022992095,533.1834800292,2424.6692663053,14753.1106254006,13,631.1856298835,4573.808912199,0.310023359
Point Baker,Southeast,8,0,0,0,0,3,967,0.1227746387,3,967,0.2806617236,0.1598643659,463.7665254481,1057.3819037715,6476.1007519674,5,166.605115251,1207.2834438475,0.1864213498
Point Hope,North Slope,186,10,1129.6,0.0928294753,1048.60175246,32,1155.1171875,0.1515462915,8,1092.1875,0.2483414893,0.1072511648,937.1070521352,31394.7347734113,199921.556329068,168,7303.4813074535,52923.7775902428,0.2647227171
Point Lay,North Slope,60,6,917.5416666667,0.0931329121,512.7199643231,15,977.1,0.1905316613,15,977.1,0.2632777669,0.1341757349,1966.5466580969,9739.8375877854,61682.8810709084,39,1911.5469102869,13851.7892049778,0.2245645626
Pope-Vannoy Landing,Bristol Bay,3,0,0,0,0,0,1253.7457405615,0.1364969949,0,0,0.2334826601,0,0,513.3975776908,3275.4896934117,3,119.8694321178,868.6190733176,0.2651875459
Port Alexander,Southeast,22,0,0,0,0,7,1078.8571428572,0.1227746387,4,1015.5,0.2806617236,0.1169520793,475.0593461008,2859.2726735574,17457.6280692566,18,669.1574219753,4848.9668259078,0.277756337
Port Alsworth,Bristol Bay,44,2,1799,0.0985143607,354.454669943,0,1253.7457405615,0.1364969949,0,0,0.2334826601,0,0,7542.0207576144,48128.8460696693,42,1678.1720496495,12160.6670264457,0.2526689921
Port Graham,Railbelt,79,3,1290,0.1038682963,401.9703066202,0,1747.5136673929,0.1539357067,0,0,0.2301575703,0,0,20846.3314153084,139347.763879046,76,4705.4244791725,34097.2788345834,0.2446919698
Port Heiden,Bristol Bay,35,0,0,0,0,44,1176.0529545455,0.1027512673,17,1122.2352941177,0.1648069109,0.0823447693,1570.9735092759,3746.1102751951,21956.5961970661,18,358.4775711618,2597.6635591434,0.1183090282
Port Lions,Kodiak,77,6,1237,0.0593015396,440.1360270606,1,1817.0217554859,0.1060456189,0,0,0.2585839941,0,0,14120.9269876388,90909.4709249187,71,3537.6335689026,25635.0258616126,0.2819841057
Port Protection,Southeast,26,0,0,0,0,4,719.75,0.1227746387,4,719.75,0.2806617236,0.1658829165,477.5769167103,2421.6519338896,13693.4198107943,22,545.6274451791,3953.8220665155,0.2887388338
Portage Creek,Bristol Bay,1,0,0,0,0,0,1253.7457405615,0.1364969949,0,0,0.2334826601,0,0,171.1325258969,1091.8298978039,1,39.9564773726,289.5396911059,0.2651875459
Quinhagak,Lower Yukon-Kuskokwim,165,11,1116.3409090909,0.0661078069,811.7873418726,10,1045.957275886,0.0952560064,4,915,0.3336983204,0.0994481974,363.9804024746,16120.8246921334,92354.5267545896,150,4987.1404013055,36138.6985601846,0.3913040306
Rampart,Yukon-Koyukuk/Upper Tanana,10,0,0,0,0,1,1121.8146232877,0.2465402206,1,1280,0.3264046098,0.346234375,443.18,2932.3318226434,19766.1726278504,9,812.4706294106,5887.4683290624,0.2978557579
Red Devil,Lower Yukon-Kuskokwim,12,0,0,0,0,4,563.5,0.1666381457,4,563.5,0.3336983204,0.1430755035,322.4921848624,1073.6969456322,6001.2822147262,8,250.6757669226,1816.4910646566,0.3026838265
Ruby,Yukon-Koyukuk/Upper Tanana,62,5,1312,0.0697362805,457.47,1,1121.8146232877,0.2465402206,1,1216,0.3264046098,0.5302878289,644.83,16590.3557853365,111027.795545916,56,5055.3728052215,36633.1362697213,0.3299456329
Russian Mission,Lower Yukon-Kuskokwim,73,0,0,0,0,30,861,0.2142311585,29,809.5172413793,0.3361514477,0.1357304879,3186.4089345919,11302.3421449647,71077.9865577156,44,2728.1826978016,19769.439839142,0.278137308
Saint George,Aleutians,42,0,0,0,0,17,1052.8676470588,0.134510982,17,1052.8676470588,0.3055272867,0.09157119,1639.0098368426,5179.5663637091,31306.1330703557,25,1081.7366292237,7838.6712262587,0.2503877182
Saint Mary's,Lower Yukon-Kuskokwim,151,3,1196.6666666667,0.0780062539,280.042451404,24,877.7083333333,0.2254282074,23,869.9565217391,0.3810925923,0.1304472236,2610.1184979463,27622.6879720427,177777.014290164,125,9425.3828365415,68299.8756271124,0.3841884503
Saint Michael,Bering Straits,96,7,1240,0.0642905734,558.0421768707,14,1243.088742515,0.4019835702,12,706.8333333333,0.5007870733,0.1700052487,1441.9845190603,40477.0230114254,279078.717474097,77,19268.7823746035,139628.857786982,0.5003206946
Saint Paul,Aleutians,162,9,1104.6666666667,0.1026299162,1020.3466264598,45,1186.3846666667,0.1540506049,35,1023.6088571429,0.3702105981,0.1005677304,3602.9706848912,26189.3838287092,165759.882816733,118,7983.9863843182,57854.9737994075,0.3490288049
Salamatof,Railbelt,246,0,0,0,0,0,1747.5136673929,0.1539357067,0,0,0.2301575703,0,0,66175.1688518064,443058.035158017,246,15230.7160773216,110367.507806678,0.2491039526
Salcha,Railbelt,429,0,0,0,0,0,1747.5136673929,0.1539357067,0,0,0.2301575703,0,0,115403.038363516,772649.98814142,429,26560.882915329,192470.166053109,0.2491039526
Sand Point,Aleutians,246,3,1101.3333333333,0.0770163009,254.4618580998,64,1291.40734375,0.12062934,50,1194.5518,0.3337632886,0.0817189347,4880.8750285742,35201.1886788034,218608.90346959,193,10034.8775675315,72716.5041125474,0.3326328569
Savoonga,Bering Straits,166,10,1155.2,0.091145939,1052.9178869484,0,1243.088742515,0.1509469955,0,0,0.3261277145,0,0,30324.8375815913,195133.895518778,156,9546.3842704224,69176.6976117563,0.3545088742
Saxman,Southeast,120,0,0,0,0,11,1711.7903707981,0.09277651,10,1991.4,0.2480599108,0.0669126246,1332.4980068573,18802.031014766,118455.297208449,110,4333.4907999705,31402.1072461626,0.2650966904
Scammon Bay,Lower Yukon-Kuskokwim,96,0,0,0,0,51,760.0784313725,0.2839930954,45,764.8,0.4906217376,0.1272627951,4379.8763576893,15388.5847096045,97278.43992467,51,5401.1116202103,39138.4900015238,0.40233468
Selawik,Northwest Arctic,186,0,0,0,0,5,1150.5043326039,0.2081087086,5,4362.6,0.3314395025,0.1132518291,2470.3621479824,45807.1868784779,304359.615061434,181,14363.5356306608,104083.591526527,0.3419756971
Seldovia,Railbelt,121,5,2244.8,0.0982452263,1102.7044203458,15,1747.5136673929,0.2065800904,12,2570.5241666667,0.1619212279,0.1881221535,5802.8705035013,44449.7341938392,304159.957926371,104,6079.1963697986,44052.147607236,0.1448321729
Seldovia Village,Railbelt,74,0,0,0,0,0,1747.5136673929,0.1539357067,0,0,0.2301575703,0,0,19906.3516058279,133277.620332086,74,4581.5975191943,33199.982023147,0.2491039526
Seward,Railbelt,928,130,2003.8563846154,0.0734560081,19135.387805056,243,1861.0451440329,0.1308350703,121,1853.1343801653,0.2767783691,0.0960570574,21538.802908941,205516.901906022,1351666.82540596,677,45624.896766529,330615.193960355,0.2445981419
Shageluk,Yukon-Koyukuk/Upper Tanana,36,6,1073.3333333333,0.0672519327,433.1024463841,5,1121.8146232877,0.2465402206,1,713,0.3264046098,0.088513324,63.11,8516.8127637905,56378.643215873,29,2617.9609169897,18970.7312825342,0.3364879004
Shaktoolik,Bering Straits,64,2,1232,0.0635394484,156.5612008282,7,1243.088742515,0.1509469955,7,892,0.3261277145,0.1009883939,630.5715318073,11107.3608301058,70999.4263051144,55,3365.7124030335,24389.2203118372,0.3435129209
Shishmaref,Bering Straits,141,0,0,0,0,0,1243.088742515,0.1509469955,0,0,0.3261277145,0,0,26457.3120316965,170814.869794903,141,8628.4627059587,62525.0920721643,0.3660401003
Shungnak,Northwest Arctic,62,0,0,0,0,56,959.5367857143,0.4011178981,1,1064,0.3314395025,0.1214473684,129.22,23607.3500944765,161875.580394758,61,7781.5797592573,56388.2591250526,0.3483432089
Silver Springs,Copper River/Chugach,44,0,0,0,0,0,1845.1516180905,0.1543141463,0,0,0.2999368524,0,0,12528.2518567543,84260.9554837265,44,3757.684427835,27229.5973031519,0.323157946
Sitka,Southeast,3545,84,1657.1854761905,0.0589717386,8209.0771351677,731,1640.6899039781,0.115783853,441,1513.4153287982,0.2450474908,0.0849364378,56687.9511563089,638592.532164781,4101897.3345274,3020,140582.643727643,1018714.8096206,0.2483520982
Skagway,Southeast,436,23,1754.9130434783,0.0681363283,2750.1866204196,43,1711.7903707981,0.1462055926,13,1517.5084615385,0.0473231916,0.121746311,2401.7637417955,105261.280623823,698121.163940745,400,4737.4930196436,34329.6595626345,0.0491743573
Skwentna,Railbelt,20,0,0,0,0,1,1747.5136673929,0.1539357067,0,0,0.2301575703,0,0,5380.0950286022,36020.9784681315,20,1238.2695997822,8972.9681143641,0.2491039526
Slana,Copper River/Chugach,77,0,0,0,0,9,1845.1516180905,0.1543141463,3,1283.3333333333,0.2999368524,0.14290814,550.1963388802,21620.4380979669,145253.754333093,74,6319.7419922679,45795.2318280282,0.3152774401
Sleetmute,Lower Yukon-Kuskokwim,36,0,0,0,0,17,804,0.3720017489,5,909.6,0.3336983204,0.1839318931,836.5222500122,10108.2938391146,67911.1147761929,31,3093.9746061348,22420.1058415564,0.3301389753
South Naknek,Bristol Bay,35,4,1290.25,0.0977017116,504.2385336272,20,1104.5635,0.1665150764,20,1104.5635,0.2530364244,0.1214915487,2683.9026055245,5211.3323709291,32574.1476154278,11,511.9410751962,3709.7179362044,0.1138853418
Stebbins,Bering Straits,134,2,2224.5,0.0703371544,312.93,16,1243.088742515,0.3274387932,16,562.0625,0.6007072699,0.1324111922,1190.773851621,48719.8192666634,333175.212077271,116,28363.063785744,205529.447722783,0.6168809691
Stevens Village,Yukon-Koyukuk/Upper Tanana,26,0,0,0,0,1,1121.8146232877,0.2465402206,1,400,0.3264046098,0.254425,101.77,7016.0806184538,46986.3812931433,25,2256.8628594739,16354.0786918398,0.3480599749
Stony River,Lower Yukon-Kuskokwim,20,0,0,0,0,2,1045.957275886,0.1666381457,2,963.5,0.3336983204,0.1655424243,319.0002516318,3456.3351082721,22080.6891903772,18,1046.9233720981,7586.4012470876,0.3435762888
Sutton,Railbelt,0,19,2021.3157894737,0.072886239,2799.1960086356,28,#DIV/0!,0.1962429889,21,1371.2261904762,0.1926840797,0.1421014161,4091.9168539429,#DIV/0!,#DIV/0!,0,#DIV/0!,#DIV/0!,#DIV/0!
Takotna,Yukon-Koyukuk/Upper Tanana,22,1,1344,0.0730580357,98.19,16,986.8125,0.2550125754,7,704.5714285714,0.3264046098,0.1837718191,906.3626119,4527.6469700806,29547.2968846417,14,1149.9542392815,8333.0017339236,0.2820224729
Talkeetna,Railbelt,449,38,1682.1963157895,0.0926721549,5923.9247843303,25,1747.5136673929,0.2753183417,21,976.8214285714,0.2474769584,0.1905164385,3908.1113320535,197469.836452093,1364371.71342096,390,46436.0321156412,336492.986345226,0.2466285273
Tanacross,Yukon-Koyukuk/Upper Tanana,53,20,1259.7,0.1130142738,2847.2816151051,23,1101.6956521739,0.3930617825,20,1097.75,0.4606734962,0.1767758975,3881.1148303797,12357.8443838165,81691.7708972213,13,2593.3374634151,18792.3004595294,0.2300390878
Tanaina,Railbelt,2713,0,0,0,0,0,1747.5136673929,0.1539357067,0,0,0.2301575703,0,0,729809.890629881,4886245.72920204,2713,167971.271210461,1217183.12471348,0.2491039526
Tanana,Yukon-Koyukuk/Upper Tanana,100,4,1767,0.2158675375,1525.7517549971,54,808.6666666667,0.2701446176,53,814.8679245283,0.3652703104,0.1332542484,5754.9844807947,16674.3849763171,106002.789683458,43,3431.2209910204,24863.9202247854,0.2345591121
Tatitlek,Copper River/Chugach,36,5,1579.4,0.1181799694,933.2672181014,0,1845.1516180905,0.1543141463,0,0,0.2999368524,0,0,9759.9901171782,65387.1747621611,31,2647.4594832474,19184.4890090388,0.2933983473
Tazlina,Copper River/Chugach,111,0,0,0,0,13,1845.1516180905,0.187311704,10,1332.865,0.1972446803,0.1432069665,1908.7555333808,36816.2234061069,250327.271058746,101,6885.3123418286,49893.5676944103,0.1993133528
Telida,Yukon-Koyukuk/Upper Tanana,0,0,0,0,0,2,#DIV/0!,0.2465402206,2,597.625,0.3264046098,0.114971715,137.4199423559,#DIV/0!,#DIV/0!,0,#DIV/0!,#DIV/0!,#DIV/0!
Teller,Bering Straits,72,0,0,0,0,0,1243.088742515,0.1509469955,0,0,0.3261277145,0,0,13510.1167821429,87224.6143633545,72,4406.0235094257,31927.7065900414,0.3660401003
Tenakee Springs,Southeast,72,0,0,0,0,8,1711.7903707981,0.1227746387,1,1170,0.2806617236,0.1053856034,123.3011559542,15044.976706851,98346.7877308042,71,4187.9431794977,30347.4143441865,0.3085755523
Tetlin,Yukon-Koyukuk/Upper Tanana,43,2,768,0.0675976563,103.83,9,817.4166666667,0.2465402206,8,789.09375,0.3264046098,0.1841826246,1162.6988632852,7916.889679889,50993.5484049926,33,2170.7084273934,15729.7712129959,0.308465908
Thorne Bay,Southeast,214,9,2196.1111111111,0.0498240334,984.7720200705,15,1711.7903707981,0.1772551574,12,1251.1666666667,0.4453096123,0.0960477016,1442.0601920476,60987.6008304824,410211.310365814,193,26077.6731697026,188968.646157265,0.460661716
Togiak,Bristol Bay,231,8,1615.25,0.1039165393,1342.809521377,96,931.0898958333,0.1273226819,62,996.9516129032,0.1598684552,0.1063199369,6571.7416190604,27000.9180173892,161410.5653434,161,3051.3079875232,22110.9274458201,0.1369856267
Tok,Yukon-Koyukuk/Upper Tanana,532,8,1776.75,0.0966802928,1374.2136821346,102,1567.5615686275,0.2475404397,64,1372.97890625,0.2630222786,0.1661697381,14601.4428939952,194471.70136758,1330340.44469261,460,46948.4364253405,340206.061053192,0.2557285711
Toksook Bay,Lower Yukon-Kuskokwim,125,5,989.4,0.0857919652,424.4128519654,5,1045.957275886,0.1666381457,2,740,0.3336983204,0.0995223485,147.2930757576,21138.6788768088,134646.223744991,118,6863.1643281986,49733.0748420187,0.3693610816
Tolsona,Copper River/Chugach,18,0,0,0,0,0,1845.1516180905,0.1543141463,0,0,0.2999368524,0,0,5125.1939413995,34470.3908797063,18,1537.2345386598,11139.3807149258,0.323157946
Tonsina,Copper River/Chugach,39,0,0,0,0,2,1845.1516180905,0.1543141463,1,638.5,0.2999368524,0.5534690681,353.39,11173.2438762878,75183.3614223752,38,3245.2729149484,23516.4703981766,0.3127882281
Trapper Creek,Railbelt,225,3,1726.8333333333,0.1397631349,724.0429202346,17,1747.5136673929,0.3812161818,15,1046,0.3476825538,0.1803294435,2829.3689689173,141452.772903787,991661.397853529,207,47945.2020053053,347429.000038444,0.3503504329
Tuluksak,Lower Yukon-Kuskokwim,92,0,0,0,0,9,1045.957275886,0.1666381457,6,1003,0.3336983204,0.1458558007,877.7602088936,15867.2489683968,101340.064988383,86,5001.9672222464,36246.1392916408,0.3576684039
Tuntutuliak,Lower Yukon-Kuskokwim,96,4,884,0.0757437783,267.83,0,1045.957275886,0.1666381457,0,0,0.3336983204,0,0,16303.09704505,103905.340906159,92,5350.9416796125,38774.9397073366,0.373175617
Tununak,Lower Yukon-Kuskokwim,84,0,0,0,0,48,761.9583333333,0.1933562534,47,757.7446808511,0.5459212012,0.0785207219,2796.4369898333,8247.6251083637,47311.4862924902,37,2975.9191656272,21564.6316349795,0.4558011875
Twin Hills,Bristol Bay,29,0,0,0,0,0,1253.7457405615,0.1364969949,0,0,0.2334826601,0,0,4962.8432510112,31663.0670363131,29,1158.7378438056,8396.6510420697,0.2651875459
Two Rivers,Railbelt,296,5,1686.2,0.0961929626,811.0028679532,0,1747.5136673929,0.1539357067,0,0,0.2301575703,0,0,79091.3855341144,529240.764739959,291,18016.8226768316,130556.686063997,0.2466867535
Tyonek,Railbelt,70,1,2275,0.0582241758,132.46,34,1089.3007692308,0.1466700033,24,1104.85125,0.1713383017,0.1120250748,2970.5050540469,10292.5136895526,64205.1716634245,45,1231.845053235,8926.413429239,0.139029508
Ugashik,Bristol Bay,7,0,0,0,0,0,1253.7457405615,0.1364969949,0,0,0.2334826601,0,0,1197.9276812786,7642.8092846273,7,279.6953416083,2026.777837741,0.2651875459
Unalakleet,Bering Straits,225,1,1662,0.0835980746,138.94,12,1243.088742515,0.153634,1,400,0.3261277145,0.261575,104.63,42832.2651824424,277020.03755393,223,13889.3538253962,100647.491488379,0.3633220628
Unalaska,Aleutians,927,13,1656.6923076923,0.0855050208,1841.5216323716,66,1280.005261708,0.1170111168,27,1309.3333333333,0.3307468382,0.0720518721,2547.1777816221,137238.987063699,857047.587418109,887,43939.812595695,318404.439099239,0.3715131386
Upper Kalskag,Lower Yukon-Kuskokwim,60,0,0,0,0,44,1048.8636363636,0.1884335018,41,1049.8780487805,0.2204233953,0.1366598286,5882.5223241483,9637.7022352667,60942.7698207729,19,827.7295059513,5998.0398981981,0.0984208613
Valdez,Copper River/Chugach,1573,114,1859.0087719298,0.0744796371,15784.2460514273,337,1950.5563204748,0.145259365,166,1803.1689156627,0.2772572283,0.1069837767,32023.0302127872,414161.464486327,2767955.68468353,1293,101574.346808379,736045.991365062,0.2659168264
Venetie,Yukon-Koyukuk/Upper Tanana,61,1,3240,0.0574475309,186.13,42,786.619047619,0.4084457976,35,813.8285714286,0.5406780658,0.1486423986,4233.9300807282,12452.3411881413,81190.4433923284,25,4342.8782130978,31470.1319789698,0.3876088203
Wainwright,North Slope,147,4,1196,0.0921404682,440.8,30,1022.2283333333,0.1851905677,19,967.02,0.1676750803,0.1625048388,2985.7631549885,26900.6367763241,173137.802726987,124,3936.0171797175,28521.8636211411,0.1647350444
Wales,Bering Straits,43,4,1168,0.0594210681,277.6152300469,0,1243.088742515,0.1509469955,0,0,0.3261277145,0,0,7595.5951537077,48665.3272007804,39,2386.5960676056,17294.1744029391,0.3553695289
Ward Cove,Southeast,0,1,936,0.0489850427,45.85,19,#DIV/0!,0.1926993741,12,1414.3333333333,0.4160627339,0.1102406816,1871.0048473822,#DIV/0!,#DIV/0!,0,#DIV/0!,#DIV/0!,#DIV/0!
Whale Pass,Southeast,20,0,0,0,0,2,1711.7903707981,0.1227746387,1,1536,0.2806617236,0.0538020833,82.64,4075.7644431977,26569.3075594038,19,1120.7171888797,8121.1390498527,0.3056586639
White Mountain,Bering Straits,65,5,1171.8,0.0740666064,433.9562471545,0,1243.088742515,0.1509469955,0,0,0.3261277145,0,0,11692.3868989402,75090.4847749293,60,3671.6862578548,26606.4221583678,0.3543248154
Willow,Railbelt,893,0,0,0,0,82,1747.5136673929,0.2344142648,70,1224.0992857143,0.3015513661,0.13421632,11500.5871048709,348636.061407278,2393951.31454549,823,101663.662836864,736693.208962785,0.3077310739
Wiseman,Yukon-Koyukuk/Upper Tanana,5,0,0,0,0,0,1121.8146232877,0.2465402206,0,0,0.3264046098,0,0,1382.8621236908,9279.4356789185,5,451.3725718948,3270.815738368,0.352480027
Womens Bay,Kodiak,283,0,0,0,0,0,1817.0217554859,0.1060456189,0,0,0.2585839941,0,0,54530.476645685,353190.555403514,283,14100.7084506961,102179.046744174,0.2893028853
Wrangell,Southeast,1053,25,1957.36,0.0794765698,3889.1064670648,254,1862.6019685039,0.1498570395,166,1790.034939759,0.3270492039,0.0991058782,29448.8954479867,273942.904319903,1828974.81391234,862,78689.6417924669,570214.795597586,0.31176744
Yakutat,Southeast,270,3,833.3333333333,0.0893440611,223.3601527187,38,1711.7903707981,0.1293073895,28,1330.9807142857,0.2439490329,0.0972407442,3623.9155438403,56749.2431699687,371195.964999773,239,12905.3838042444,93517.2739438001,0.2519350498
